PlantID,Date,ForecastGenerationMWh,Unit
SVR-001,2026-09-01,4039.31,MWh
SVR-001,2026-09-02,4188.77,MWh
SVR-001,2026-09-03,4267.49,MWh
SVR-001,2026-09-04,4246.85,MWh
SVR-001,2026-09-05,4115.28,MWh
SVR-001,2026-09-06,3890.68,MWh
SVR-001,2026-09-07,3625.31,MWh
SVR-001,2026-09-08,3391.98,MWh
SVR-001,2026-09-09,3255.73,MWh
SVR-001,2026-09-10,3250.63,MWh
SVR-001,2026-09-11,3374.48,MWh
SVR-001,2026-09-12,3596.37,MWh
SVR-001,2026-09-13,3865.91,MWh
SVR-001,2026-09-14,4119.63,MWh
SVR-001,2026-09-15,4289.37,MWh
SVR-001,2026-09-16,4319.61,MWh
SVR-001,2026-09-17,4192.98,MWh
SVR-001,2026-09-18,3947.17,MWh
SVR-001,2026-09-19,3663.85,MWh
SVR-001,2026-09-20,3432.59,MWh
SVR-001,2026-09-21,3316.74,MWh
SVR-001,2026-09-22,3339.47,MWh
SVR-001,2026-09-23,3485.84,MWh
SVR-001,2026-09-24,3709.36,MWh
SVR-001,2026-09-25,3939.21,MWh
SVR-001,2026-09-26,4093.77,MWh
SVR-001,2026-09-27,4106.75,MWh
SVR-001,2026-09-28,3958.43,MWh
SVR-001,2026-09-29,3689.92,MWh
SVR-001,2026-09-30,3385.6,MWh
SVR-002,2026-09-01,2473.49,MWh
SVR-002,2026-09-02,2486.99,MWh
SVR-002,2026-09-03,2448.55,MWh
SVR-002,2026-09-04,2358.94,MWh
SVR-002,2026-09-05,2233.61,MWh
SVR-002,2026-09-06,2103.19,MWh
SVR-002,2026-09-07,2005.01,MWh
SVR-002,2026-09-08,1968.49,MWh
SVR-002,2026-09-09,2004.65,MWh
SVR-002,2026-09-10,2105.34,MWh
SVR-002,2026-09-11,2248.81,MWh
SVR-002,2026-09-12,2405.05,MWh
SVR-002,2026-09-13,2539.34,MWh
SVR-002,2026-09-14,2616.54,MWh
SVR-002,2026-09-15,2610.1,MWh
SVR-002,2026-09-16,2515.22,MWh
SVR-002,2026-09-17,2357.33,MWh
SVR-002,2026-09-18,2185.14,MWh
SVR-002,2026-09-19,2049.89,MWh
SVR-002,2026-09-20,1985.89,MWh
SVR-002,2026-09-21,2003.03,MWh
SVR-002,2026-09-22,2089.16,MWh
SVR-002,2026-09-23,2215.07,MWh
SVR-002,2026-09-24,2339.5,MWh
SVR-002,2026-09-25,2417.23,MWh
SVR-002,2026-09-26,2413.43,MWh
SVR-002,2026-09-27,2320.63,MWh
SVR-002,2026-09-28,2165.87,MWh
SVR-002,2026-09-29,1999.83,MWh
SVR-002,2026-09-30,1875.35,MWh
SVR-003,2026-09-01,1409.02,MWh
SVR-003,2026-09-02,1389.17,MWh
SVR-003,2026-09-03,1293.51,MWh
SVR-003,2026-09-04,1161.88,MWh
SVR-003,2026-09-05,1062.75,MWh
SVR-003,2026-09-06,1046.46,MWh
SVR-003,2026-09-07,1109.87,MWh
SVR-003,2026-09-08,1205.44,MWh
SVR-003,2026-09-09,1282.35,MWh
SVR-003,2026-09-10,1320.48,MWh
SVR-003,2026-09-11,1334.85,MWh
SVR-003,2026-09-12,1355.09,MWh
SVR-003,2026-09-13,1396.06,MWh
SVR-003,2026-09-14,1438.9,MWh
SVR-003,2026-09-15,1439.36,MWh
SVR-003,2026-09-16,1365.09,MWh
SVR-003,2026-09-17,1232.07,MWh
SVR-003,2026-09-18,793.9,MWh
SVR-003,2026-09-19,1044.08,MWh
SVR-003,2026-09-20,1085.65,MWh
SVR-003,2026-09-21,1203.74,MWh
SVR-003,2026-09-22,1337.54,MWh
SVR-003,2026-09-23,1421.97,MWh
SVR-003,2026-09-24,1422.29,MWh
SVR-003,2026-09-25,1352.66,MWh
SVR-003,2026-09-26,1262.98,MWh
SVR-003,2026-09-27,1199.74,MWh
SVR-003,2026-09-28,1174.43,MWh
SVR-003,2026-09-29,1167.37,MWh
SVR-003,2026-09-30,1157.44,MWh
SVR-004,2026-09-01,1100.2,MWh
SVR-004,2026-09-02,1073.8,MWh
SVR-004,2026-09-03,999.84,MWh
SVR-004,2026-09-04,914.63,MWh
SVR-004,2026-09-05,871.78,MWh
SVR-004,2026-09-06,901.83,MWh
SVR-004,2026-09-07,989.46,MWh
SVR-004,2026-09-08,1087.78,MWh
SVR-004,2026-09-09,1152.18,MWh
SVR-004,2026-09-10,1165.3,MWh
SVR-004,2026-09-11,1140.75,MWh
SVR-004,2026-09-12,1108.25,MWh
SVR-004,2026-09-13,1089.79,MWh
SVR-004,2026-09-14,1082.09,MWh
SVR-004,2026-09-15,1060.71,MWh
SVR-004,2026-09-16,1006.67,MWh
SVR-004,2026-09-17,931.21,MWh
SVR-004,2026-09-18,873.35,MWh
SVR-004,2026-09-19,872.92,MWh
SVR-004,2026-09-20,942.69,MWh
SVR-004,2026-09-21,1057.45,MWh
SVR-004,2026-09-22,1164.11,MWh
SVR-004,2026-09-23,1208.85,MWh
SVR-004,2026-09-24,1169.74,MWh
SVR-004,2026-09-25,1073.3,MWh
SVR-004,2026-09-26,976.63,MWh
SVR-004,2026-09-27,926.17,MWh
SVR-004,2026-09-28,929.85,MWh
SVR-004,2026-09-29,963.66,MWh
SVR-004,2026-09-30,999.02,MWh
SVR-005,2026-09-01,2227.07,MWh
SVR-005,2026-09-02,2289.77,MWh
SVR-005,2026-09-03,2313.15,MWh
SVR-005,2026-09-04,2276.53,MWh
SVR-005,2026-09-05,2207.56,MWh
SVR-005,2026-09-06,2164.05,MWh
SVR-005,2026-09-07,2194.57,MWh
SVR-005,2026-09-08,2308.5,MWh
SVR-005,2026-09-09,2469.85,MWh
SVR-005,2026-09-10,2610.29,MWh
SVR-005,2026-09-11,2654.63,MWh
SVR-005,2026-09-12,2555.12,MWh
SVR-005,2026-09-13,2324.72,MWh
SVR-005,2026-09-14,2046.19,MWh
SVR-005,2026-09-15,1836.55,MWh
SVR-005,2026-09-16,1782.95,MWh
SVR-005,2026-09-17,1898.25,MWh
SVR-005,2026-09-18,2125.0,MWh
SVR-005,2026-09-19,2371.75,MWh
SVR-005,2026-09-20,2552.16,MWh
SVR-005,2026-09-21,2613.38,MWh
SVR-005,2026-09-22,2551.57,MWh
SVR-005,2026-09-23,2411.72,MWh
SVR-005,2026-09-24,2265.71,MWh
SVR-005,2026-09-25,2173.54,MWh
SVR-005,2026-09-26,2152.6,MWh
SVR-005,2026-09-27,2179.17,MWh
SVR-005,2026-09-28,2215.91,MWh
SVR-005,2026-09-29,2239.95,MWh
SVR-005,2026-09-30,2254.17,MWh
SVR-006,2026-09-01,1874.45,MWh
SVR-006,2026-09-02,1883.71,MWh
SVR-006,2026-09-03,1844.9,MWh
SVR-006,2026-09-04,1787.21,MWh
SVR-006,2026-09-05,1757.54,MWh
SVR-006,2026-09-06,1787.85,MWh
SVR-006,2026-09-07,1875.12,MWh
SVR-006,2026-09-08,1982.63,MWh
SVR-006,2026-09-09,2055.71,MWh
SVR-006,2026-09-10,2044.42,MWh
SVR-006,2026-09-11,1928.29,MWh
SVR-006,2026-09-12,1735.51,MWh
SVR-006,2026-09-13,1540.3,MWh
SVR-006,2026-09-14,1428.62,MWh
SVR-006,2026-09-15,1449.93,MWh
SVR-006,2026-09-16,1591.88,MWh
SVR-006,2026-09-17,1793.82,MWh
SVR-006,2026-09-18,1980.88,MWh
SVR-006,2026-09-19,2094.25,MWh
SVR-006,2026-09-20,2108.53,MWh
SVR-006,2026-09-21,2036.76,MWh
SVR-006,2026-09-22,1922.99,MWh
SVR-006,2026-09-23,1820.87,MWh
SVR-006,2026-09-24,1765.28,MWh
SVR-006,2026-09-25,1756.15,MWh
SVR-006,2026-09-26,1767.87,MWh
SVR-006,2026-09-27,1773.98,MWh
SVR-006,2026-09-28,1766.29,MWh
SVR-006,2026-09-29,1757.86,MWh
SVR-006,2026-09-30,1772.52,MWh
SVR-007,2026-09-01,3818.27,MWh
SVR-007,2026-09-02,3717.96,MWh
SVR-007,2026-09-03,3603.91,MWh
SVR-007,2026-09-04,3565.79,MWh
SVR-007,2026-09-05,3648.35,MWh
SVR-007,2026-09-06,3822.31,MWh
SVR-007,2026-09-07,4000.38,MWh
SVR-007,2026-09-08,4077.84,MWh
SVR-007,2026-09-09,2705.61,MWh
SVR-007,2026-09-10,2514.89,MWh
SVR-007,2026-09-11,3323.98,MWh
SVR-007,2026-09-12,3012.44,MWh
SVR-007,2026-09-13,2912.73,MWh
SVR-007,2026-09-14,3079.11,MWh
SVR-007,2026-09-15,3442.96,MWh
SVR-007,2026-09-16,3859.77,MWh
SVR-007,2026-09-17,4184.5,MWh
SVR-007,2026-09-18,4326.45,MWh
SVR-007,2026-09-19,4271.03,MWh
SVR-007,2026-09-20,4074.93,MWh
SVR-007,2026-09-21,3838.56,MWh
SVR-007,2026-09-22,3658.29,MWh
SVR-007,2026-09-23,3577.09,MWh
SVR-007,2026-09-24,3569.2,MWh
SVR-007,2026-09-25,3573.98,MWh
SVR-007,2026-09-26,3548.72,MWh
SVR-007,2026-09-27,3497.87,MWh
SVR-007,2026-09-28,3466.2,MWh
SVR-007,2026-09-29,3508.32,MWh
SVR-007,2026-09-30,3650.26,MWh
SVR-008,2026-09-01,2523.52,MWh
SVR-008,2026-09-02,2612.44,MWh
SVR-008,2026-09-03,2694.52,MWh
SVR-008,2026-09-04,2717.67,MWh
SVR-008,2026-09-05,2662.27,MWh
SVR-008,2026-09-06,2633.67,MWh
SVR-008,2026-09-07,2620.98,MWh
SVR-008,2026-09-08,2516.69,MWh
SVR-008,2026-09-09,2410.61,MWh
SVR-008,2026-09-10,2328.0,MWh
SVR-008,2026-09-11,2293.34,MWh
SVR-008,2026-09-12,2321.4,MWh
SVR-008,2026-09-13,2410.12,MWh
SVR-008,2026-09-14,2541.38,MWh
SVR-008,2026-09-15,2682.29,MWh
SVR-008,2026-09-16,,MWh
SVR-008,2026-09-17,2668.89,MWh
SVR-008,2026-09-18,2706.6,MWh
SVR-008,2026-09-19,2762.86,MWh
SVR-008,2026-09-20,2818.65,MWh
SVR-008,2026-09-21,2662.92,MWh
SVR-008,2026-09-22,2488.53,MWh
SVR-008,2026-09-23,2346.87,MWh
SVR-008,2026-09-24,2274.38,MWh
SVR-008,2026-09-25,2284.22,MWh
SVR-008,2026-09-26,2366.57,MWh
SVR-008,2026-09-27,2495.92,MWh
SVR-008,2026-09-28,2637.91,MWh
SVR-008,2026-09-29,2691.47,MWh
SVR-008,2026-09-30,2750.7,MWh
SVR-009,2026-09-01,1504.03,MWh
SVR-009,2026-09-02,1558.39,MWh
SVR-009,2026-09-03,1586.44,MWh
SVR-009,2026-09-04,1582.32,MWh
SVR-009,2026-09-05,1549.53,MWh
SVR-009,2026-09-06,1497.39,MWh
SVR-009,2026-09-07,1438.38,MWh
SVR-009,2026-09-08,1386.58,MWh
SVR-009,2026-09-09,1355.99,MWh
SVR-009,2026-09-10,1357.12,MWh
SVR-009,2026-09-11,1392.6,MWh
SVR-009,2026-09-12,1455.2,MWh
SVR-009,2026-09-13,1530.52,MWh
SVR-009,2026-09-14,1602.35,MWh
SVR-009,2026-09-15,1656.89,MWh
SVR-009,2026-09-16,1684.04,MWh
SVR-009,2026-09-17,1677.32,MWh
SVR-009,2026-09-18,1634.61,MWh
SVR-009,2026-09-19,1560.49,MWh
SVR-009,2026-09-20,1468.76,MWh
SVR-009,2026-09-21,1381.34,MWh
SVR-009,2026-09-22,1321.31,MWh
SVR-009,2026-09-23,1303.58,MWh
SVR-009,2026-09-24,731.52,MWh
SVR-009,2026-09-25,1391.22,MWh
SVR-009,2026-09-26,1471.1,MWh
SVR-009,2026-09-27,1550.77,MWh
SVR-009,2026-09-28,1610.95,MWh
SVR-009,2026-09-29,1635.0,MWh
SVR-009,2026-09-30,1614.19,MWh
SVR-011,2026-09-01,1075.31,MWh
SVR-011,2026-09-02,1075.82,MWh
SVR-011,2026-09-03,1013.87,MWh
SVR-011,2026-09-04,924.47,MWh
SVR-011,2026-09-05,854.35,MWh
SVR-011,2026-09-06,836.25,MWh
SVR-011,2026-09-07,871.25,MWh
SVR-011,2026-09-08,929.2,MWh
SVR-011,2026-09-09,970.92,MWh
SVR-011,2026-09-10,978.01,MWh
SVR-011,2026-09-11,964.18,MWh
SVR-011,2026-09-12,957.68,MWh
SVR-011,2026-09-13,973.94,MWh
SVR-011,2026-09-14,1002.2,MWh
SVR-011,2026-09-15,1013.55,MWh
SVR-011,2026-09-16,982.05,MWh
SVR-011,2026-09-17,906.57,MWh
SVR-011,2026-09-18,819.15,MWh
SVR-011,2026-09-19,768.53,MWh
SVR-011,2026-09-20,785.41,MWh
SVR-011,2026-09-21,858.14,MWh
SVR-011,2026-09-22,943.3,MWh
SVR-011,2026-09-23,999.67,MWh
SVR-011,2026-09-24,1013.67,MWh
SVR-011,2026-09-25,1000.77,MWh
SVR-011,2026-09-26,988.29,MWh
SVR-011,2026-09-27,992.84,MWh
SVR-011,2026-09-28,1006.36,MWh
SVR-011,2026-09-29,1001.72,MWh
SVR-011,2026-09-30,957.82,MWh
SVR-012,2026-09-01,1800.97,MWh
SVR-012,2026-09-02,1768.61,MWh
SVR-012,2026-09-03,1656.77,MWh
SVR-012,2026-09-04,1503.38,MWh
SVR-012,2026-09-05,1365.94,MWh
SVR-012,2026-09-06,1301.73,MWh
SVR-012,2026-09-07,1341.91,MWh
SVR-012,2026-09-08,1470.24,MWh
SVR-012,2026-09-09,1625.76,MWh
SVR-012,2026-09-10,1735.23,MWh
SVR-012,2026-09-11,1753.1,MWh
SVR-012,2026-09-12,1679.92,MWh
SVR-012,2026-09-13,1553.62,MWh
SVR-012,2026-09-14,1427.69,MWh
SVR-012,2026-09-15,1349.27,MWh
SVR-012,2026-09-16,1342.01,MWh
SVR-012,2026-09-17,1396.7,MWh
SVR-012,2026-09-18,1476.03,MWh
SVR-012,2026-09-19,1536.67,MWh
SVR-012,2026-09-20,1557.19,MWh
SVR-012,2026-09-21,1549.32,MWh
SVR-012,2026-09-22,1544.49,MWh
SVR-012,2026-09-23,1569.67,MWh
SVR-012,2026-09-24,1629.72,MWh
SVR-012,2026-09-25,1702.79,MWh
SVR-012,2026-09-26,1748.19,MWh
SVR-012,2026-09-27,1725.54,MWh
SVR-012,2026-09-28,1620.7,MWh
SVR-012,2026-09-29,1463.28,MWh
SVR-012,2026-09-30,1317.64,MWh
