PlantID,Date,ActualGenerationMWh,Unit
SVR-001,2026-09-01,4133.86,MWh
SVR-001,2026-09-02,4297.39,MWh
SVR-001,2026-09-03,4340.48,MWh
SVR-001,2026-09-04,4249.91,MWh
SVR-001,2026-09-05,4047.17,MWh
SVR-001,2026-09-06,3783.1,MWh
SVR-001,2026-09-07,3524.63,MWh
SVR-001,2026-09-08,3337.12,MWh
SVR-001,2026-09-09,3267.05,MWh
SVR-001,2026-09-10,3329.83,MWh
SVR-001,2026-09-11,3505.94,MWh
SVR-001,2026-09-12,3746.46,MWh
SVR-001,2026-09-13,3986.46,MWh
SVR-001,2026-09-14,4162.55,MWh
SVR-001,2026-09-15,4229.88,MWh
SVR-001,2026-09-16,4173.83,MWh
SVR-001,2026-09-17,4013.46,MWh
SVR-001,2026-09-18,3795.55,MWh
SVR-001,2026-09-19,3581.28,MWh
SVR-001,2026-09-20,3428.95,MWh
SVR-001,2026-09-21,3377.76,MWh
SVR-001,2026-09-22,3436.99,MWh
SVR-001,2026-09-23,3583.65,MWh
SVR-001,2026-09-24,3769.21,MWh
SVR-001,2026-09-25,3933.52,MWh
SVR-001,2026-09-26,4022.03,MWh
SVR-001,2026-09-27,4001.59,MWh
SVR-001,2026-09-28,3870.35,MWh
SVR-001,2026-09-29,3658.98,MWh
SVR-001,2026-09-30,3422.86,MWh
SVR-002,2026-09-01,2535.7,MWh
SVR-002,2026-09-02,2530.48,MWh
SVR-002,2026-09-03,2452.27,MWh
SVR-002,2026-09-04,2320.3,MWh
SVR-002,2026-09-05,2168.83,MWh
SVR-002,2026-09-06,2038.07,MWh
SVR-002,2026-09-07,1963.41,MWh
SVR-002,2026-09-08,1965.84,MWh
SVR-002,2026-09-09,2046.26,MWh
SVR-002,2026-09-10,2185.06,MWh
SVR-002,2026-09-11,2347.33,MWh
SVR-002,2026-09-12,2492.08,MWh
SVR-002,2026-09-13,2583.11,MWh
SVR-002,2026-09-14,2598.5,MWh
SVR-002,2026-09-15,2536.22,MWh
SVR-002,2026-09-16,2414.36,MWh
SVR-002,2026-09-17,2265.89,MWh
SVR-002,2026-09-18,2129.49,MWh
SVR-002,2026-09-19,2038.95,MWh
SVR-002,2026-09-20,2014.07,MWh
SVR-002,2026-09-21,2055.5,MWh
SVR-002,2026-09-22,2145.02,MWh
SVR-002,2026-09-23,2250.99,MWh
SVR-002,2026-09-24,2337.6,MWh
SVR-002,2026-09-25,2375.22,MWh
SVR-002,2026-09-26,2348.98,MWh
SVR-002,2026-09-27,2263.26,MWh
SVR-002,2026-09-28,2140.71,MWh
SVR-002,2026-09-29,2016.15,MWh
SVR-002,2026-09-30,1926.92,MWh
SVR-003,2026-09-01,1434.97,MWh
SVR-003,2026-09-02,1393.1,MWh
SVR-003,2026-09-03,1273.1,MWh
SVR-003,2026-09-04,1126.93,MWh
SVR-003,2026-09-05,1026.45,MWh
SVR-003,2026-09-06,1019.55,MWh
SVR-003,2026-09-07,1102.11,MWh
SVR-003,2026-09-08,1224.67,MWh
SVR-003,2026-09-09,1327.7,MWh
SVR-003,2026-09-10,1379.26,MWh
SVR-003,2026-09-11,1388.38,MWh
SVR-003,2026-09-12,1386.87,MWh
SVR-003,2026-09-13,1396.17,MWh
SVR-003,2026-09-14,1406.82,MWh
SVR-003,2026-09-15,1386.99,MWh
SVR-003,2026-09-16,1313.28,MWh
SVR-003,2026-09-17,1198.58,MWh
SVR-003,2026-09-18,787.08,MWh
SVR-003,2026-09-19,1055.28,MWh
SVR-003,2026-09-20,1111.32,MWh
SVR-003,2026-09-21,1234.59,MWh
SVR-003,2026-09-22,1359.42,MWh
SVR-003,2026-09-23,1421.64,MWh
SVR-003,2026-09-24,1397.55,MWh
SVR-003,2026-09-25,1314.63,MWh
SVR-003,2026-09-26,1227.97,MWh
SVR-003,2026-09-27,1180.96,MWh
SVR-003,2026-09-28,1179.44,MWh
SVR-003,2026-09-29,1196.71,MWh
SVR-003,2026-09-30,1203.08,MWh
SVR-004,2026-09-01,1105.55,MWh
SVR-004,2026-09-02,1058.28,MWh
SVR-004,2026-09-03,969.29,MWh
SVR-004,2026-09-04,880.77,MWh
SVR-004,2026-09-05,844.96,MWh
SVR-004,2026-09-06,889.92,MWh
SVR-004,2026-09-07,999.47,MWh
SVR-004,2026-09-08,1122.04,MWh
SVR-004,2026-09-09,1202.56,MWh
SVR-004,2026-09-10,1215.03,MWh
SVR-004,2026-09-11,1173.53,MWh
SVR-004,2026-09-12,1115.62,MWh
SVR-004,2026-09-13,1072.24,MWh
SVR-004,2026-09-14,1047.45,MWh
SVR-004,2026-09-15,1022.38,MWh
SVR-004,2026-09-16,978.66,MWh
SVR-004,2026-09-17,921.12,MWh
SVR-004,2026-09-18,880.41,MWh
SVR-004,2026-09-19,891.87,MWh
SVR-004,2026-09-20,966.23,MWh
SVR-004,2026-09-21,1075.25,MWh
SVR-004,2026-09-22,1164.81,MWh
SVR-004,2026-09-23,1187.98,MWh
SVR-004,2026-09-24,1135.16,MWh
SVR-004,2026-09-25,1040.0,MWh
SVR-004,2026-09-26,956.78,MWh
SVR-004,2026-09-27,925.6,MWh
SVR-004,2026-09-28,949.86,MWh
SVR-004,2026-09-29,1000.64,MWh
SVR-004,2026-09-30,1042.87,MWh
SVR-005,2026-09-01,2199.9,MWh
SVR-005,2026-09-02,2220.77,MWh
SVR-005,2026-09-03,2222.48,MWh
SVR-005,2026-09-04,2195.7,MWh
SVR-005,2026-09-05,2164.21,MWh
SVR-005,2026-09-06,2171.66,MWh
SVR-005,2026-09-07,2252.52,MWh
SVR-005,2026-09-08,2404.25,MWh
SVR-005,2026-09-09,2578.03,MWh
SVR-005,2026-09-10,2695.95,MWh
SVR-005,2026-09-11,2687.79,MWh
SVR-005,2026-09-12,2529.3,MWh
SVR-005,2026-09-13,2261.18,MWh
SVR-005,2026-09-14,1977.31,MWh
SVR-005,2026-09-15,1785.83,MWh
SVR-005,2026-09-16,1761.19,MWh
SVR-005,2026-09-17,1910.11,MWh
SVR-005,2026-09-18,2168.51,MWh
SVR-005,2026-09-19,2430.88,MWh
SVR-005,2026-09-20,2597.77,MWh
SVR-005,2026-09-21,2618.5,MWh
SVR-005,2026-09-22,-350.0,MWh
SVR-005,2026-09-23,2337.66,MWh
SVR-005,2026-09-24,2187.94,MWh
SVR-005,2026-09-25,2118.34,MWh
SVR-005,2026-09-26,2138.98,MWh
SVR-005,2026-09-27,2215.56,MWh
SVR-005,2026-09-28,2295.47,MWh
SVR-005,2026-09-29,2339.94,MWh
SVR-005,2026-09-30,2343.84,MWh
SVR-006,2026-09-01,1820.85,MWh
SVR-006,2026-09-02,1807.66,MWh
SVR-006,2026-09-03,1771.87,MWh
SVR-006,2026-09-04,1740.91,MWh
SVR-006,2026-09-05,1751.37,MWh
SVR-006,2026-09-06,1824.24,MWh
SVR-006,2026-09-07,1946.15,MWh
SVR-006,2026-09-08,2068.76,MWh
SVR-006,2026-09-09,2128.81,MWh
SVR-006,2026-09-10,2079.86,MWh
SVR-006,2026-09-11,1919.33,MWh
SVR-006,2026-09-12,1696.09,MWh
SVR-006,2026-09-13,1492.76,MWh
SVR-006,2026-09-14,1390.27,MWh
SVR-006,2026-09-15,1431.21,MWh
SVR-006,2026-09-16,1599.98,MWh
SVR-006,2026-09-17,1829.5,MWh
SVR-006,2026-09-18,2031.48,MWh
SVR-006,2026-09-19,2135.3,MWh
SVR-006,2026-09-20,2117.09,MWh
SVR-006,2026-09-21,2005.5,MWh
SVR-006,2026-09-22,1862.92,MWh
SVR-006,2026-09-23,1753.0,MWh
SVR-006,2026-09-24,1711.39,MWh
SVR-006,2026-09-25,1734.02,MWh
SVR-006,2026-09-26,1787.04,MWh
SVR-006,2026-09-27,1830.85,MWh
SVR-006,2026-09-28,1843.84,MWh
SVR-006,2026-09-29,1832.4,MWh
SVR-006,2026-09-30,1822.34,MWh
SVR-007,2026-09-01,3664.38,MWh
SVR-007,2026-09-02,3559.36,MWh
SVR-007,2026-09-03,3489.94,MWh
SVR-007,2026-09-04,3528.1,MWh
SVR-007,2026-09-05,3698.22,MWh
SVR-007,2026-09-06,3949.13,MWh
SVR-007,2026-09-07,4167.3,MWh
SVR-007,2026-09-08,4228.41,MWh
SVR-007,2026-09-09,2762.49,MWh
SVR-007,2026-09-10,2514.96,MWh
SVR-007,2026-09-11,3262.55,MWh
SVR-007,2026-09-12,2927.82,MWh
SVR-007,2026-09-13,2837.46,MWh
SVR-007,2026-09-14,3038.36,MWh
SVR-007,2026-09-15,3458.04,MWh
SVR-007,2026-09-16,3936.27,MWh
SVR-007,2026-09-17,4296.44,MWh
SVR-007,2026-09-18,4421.87,MWh
SVR-007,2026-09-19,4301.03,MWh
SVR-007,2026-09-20,4021.68,MWh
SVR-007,2026-09-21,3720.15,MWh
SVR-007,2026-09-22,3513.72,MWh
SVR-007,2026-09-23,3450.64,MWh
SVR-007,2026-09-24,3501.06,MWh
SVR-007,2026-09-25,3589.07,MWh
SVR-007,2026-09-26,3644.49,MWh
SVR-007,2026-09-27,3643.72,MWh
SVR-007,2026-09-28,3617.21,MWh
SVR-007,2026-09-29,3621.3,MWh
SVR-007,2026-09-30,3693.07,MWh
SVR-008,2026-09-01,2411.33,MWh
SVR-008,2026-09-02,2517.26,MWh
SVR-008,2026-09-03,2648.0,MWh
SVR-008,2026-09-04,2736.0,MWh
SVR-008,2026-09-05,2736.0,MWh
SVR-008,2026-09-06,2736.0,MWh
SVR-008,2026-09-07,2717.97,MWh
SVR-008,2026-09-08,2575.86,MWh
SVR-008,2026-09-09,2419.65,MWh
SVR-008,2026-09-10,2293.38,MWh
SVR-008,2026-09-11,2234.56,MWh
SVR-008,2026-09-12,2263.56,MWh
SVR-008,2026-09-13,2377.62,MWh
SVR-008,2026-09-14,2551.15,MWh
SVR-008,2026-09-15,2736.0,MWh
SVR-008,2026-09-16,2736.0,MWh
SVR-008,2026-09-17,2736.0,MWh
SVR-008,2026-09-18,2736.0,MWh
SVR-008,2026-09-19,2736.0,MWh
SVR-008,2026-09-20,2736.0,MWh
SVR-008,2026-09-21,2554.4,MWh
SVR-008,2026-09-22,2390.24,MWh
SVR-008,2026-09-23,2287.23,MWh
SVR-008,2026-09-24,2267.97,MWh
SVR-008,2026-09-25,2332.09,MWh
SVR-008,2026-09-26,2456.85,MWh
SVR-008,2026-09-27,2603.89,MWh
SVR-008,2026-09-28,2730.15,MWh
SVR-008,2026-09-29,2736.0,MWh
SVR-008,2026-09-30,2736.0,MWh
SVR-009,2026-09-01,1443.8,MWh
SVR-009,2026-09-02,1522.2,MWh
SVR-009,2026-09-03,1586.41,MWh
SVR-009,2026-09-04,1616.82,MWh
SVR-009,2026-09-05,1603.97,MWh
SVR-009,2026-09-06,1551.29,MWh
SVR-009,2026-09-07,1474.16,MWh
SVR-009,2026-09-08,1395.57,MWh
SVR-009,2026-09-09,1339.69,MWh
SVR-009,2026-09-10,1324.95,MWh
SVR-009,2026-09-11,1358.7,MWh
SVR-009,2026-09-12,1434.88,MWh
SVR-009,2026-09-13,1535.38,MWh
SVR-009,2026-09-14,1634.73,MWh
SVR-009,2026-09-15,1706.91,MWh
SVR-009,2026-09-16,1732.34,MWh
SVR-009,2026-09-17,1703.27,MWh
SVR-009,2026-09-18,,MWh
SVR-009,2026-09-19,1519.08,MWh
SVR-009,2026-09-20,1408.94,MWh
SVR-009,2026-09-21,1322.45,MWh
SVR-009,2026-09-22,1280.12,MWh
SVR-009,2026-09-23,1290.69,MWh
SVR-009,2026-09-24,741.98,MWh
SVR-009,2026-09-25,1437.83,MWh
SVR-009,2026-09-26,1532.29,MWh
SVR-009,2026-09-27,1607.16,MWh
SVR-009,2026-09-28,1643.51,MWh
SVR-009,2026-09-29,1633.78,MWh
SVR-009,2026-09-30,1583.63,MWh
SVR-011,2026-09-01,1062.76,MWh
SVR-011,2026-09-02,1086.9,MWh
SVR-011,2026-09-03,1040.79,MWh
SVR-011,2026-09-04,953.91,MWh
SVR-011,2026-09-05,875.73,MWh
SVR-011,2026-09-06,844.09,MWh
SVR-011,2026-09-07,863.71,MWh
SVR-011,2026-09-08,908.89,MWh
SVR-011,2026-09-09,946.69,MWh
SVR-011,2026-09-10,961.81,MWh
SVR-011,2026-09-11,964.46,MWh
SVR-011,2026-09-12,976.15,MWh
SVR-011,2026-09-13,1006.12,MWh
SVR-011,2026-09-14,1038.2,MWh
SVR-011,2026-09-15,1039.98,MWh
SVR-011,2026-09-16,988.17,MWh
SVR-011,2026-09-17,890.96,MWh
SVR-011,2026-09-18,789.3,MWh
SVR-011,2026-09-19,734.03,MWh
SVR-011,2026-09-20,754.25,MWh
SVR-011,2026-09-21,838.78,MWh
SVR-011,2026-09-22,943.95,MWh
SVR-011,2026-09-23,1021.93,MWh
SVR-011,2026-09-24,1049.3,MWh
SVR-011,2026-09-25,1036.33,MWh
SVR-011,2026-09-26,1012.07,MWh
SVR-011,2026-09-27,998.4,MWh
SVR-011,2026-09-28,993.59,MWh
SVR-011,2026-09-29,977.77,MWh
SVR-011,2026-09-30,934.82,MWh
SVR-012,2026-09-01,1810.6,MWh
SVR-012,2026-09-02,1808.23,MWh
SVR-012,2026-09-03,1705.45,MWh
SVR-012,2026-09-04,1540.03,MWh
SVR-012,2026-09-05,1379.53,MWh
SVR-012,2026-09-06,1291.49,MWh
SVR-012,2026-09-07,1312.6,MWh
SVR-012,2026-09-08,1431.67,MWh
SVR-012,2026-09-09,1594.96,MWh
SVR-012,2026-09-10,1731.18,MWh
SVR-012,2026-09-11,1783.98,MWh
SVR-012,2026-09-12,1736.1,MWh
SVR-012,2026-09-13,1614.11,MWh
SVR-012,2026-09-14,1472.55,MWh
SVR-012,2026-09-15,1366.55,MWh
SVR-012,2026-09-16,1327.22,MWh
SVR-012,2026-09-17,1351.68,MWh
SVR-012,2026-09-18,1411.39,MWh
SVR-012,2026-09-19,1472.22,MWh
SVR-012,2026-09-20,1514.39,MWh
SVR-012,2026-09-21,1540.77,MWh
SVR-012,2026-09-22,1569.86,MWh
SVR-012,2026-09-23,1618.37,MWh
SVR-012,2026-09-24,1684.76,MWh
SVR-012,2026-09-25,1744.53,MWh
SVR-012,2026-09-26,1761.09,MWh
SVR-012,2026-09-27,1707.02,MWh
SVR-012,2026-09-28,1583.79,MWh
SVR-012,2026-09-29,1427.99,MWh
SVR-012,2026-09-30,1298.85,MWh
SVR-003,2026-09-12,1386.87,MWh
