RegionID,Date,RegionalActualGenerationMWh,Unit
R01,2026-09-01,6669.56,MWh
R01,2026-09-02,6827.87,MWh
R01,2026-09-03,6792.75,MWh
R01,2026-09-04,6570.21,MWh
R01,2026-09-05,6216.0,MWh
R01,2026-09-06,5821.17,MWh
R01,2026-09-07,5488.04,MWh
R01,2026-09-08,5302.96,MWh
R01,2026-09-09,5313.31,MWh
R01,2026-09-10,5514.89,MWh
R01,2026-09-11,5853.27,MWh
R01,2026-09-12,6238.54,MWh
R01,2026-09-13,6569.57,MWh
R01,2026-09-14,6761.05,MWh
R01,2026-09-15,6766.1,MWh
R01,2026-09-16,6588.19,MWh
R01,2026-09-17,6279.35,MWh
R01,2026-09-18,5925.04,MWh
R01,2026-09-19,5620.23,MWh
R01,2026-09-20,5443.02,MWh
R01,2026-09-21,5433.26,MWh
R01,2026-09-22,5582.01,MWh
R01,2026-09-23,5834.64,MWh
R01,2026-09-24,6106.81,MWh
R01,2026-09-25,6308.74,MWh
R01,2026-09-26,6371.01,MWh
R01,2026-09-27,6264.85,MWh
R01,2026-09-28,6011.06,MWh
R01,2026-09-29,5675.13,MWh
R01,2026-09-30,5349.78,MWh
R02,2026-09-01,6014.61,MWh
R02,2026-09-02,6055.54,MWh
R02,2026-09-03,5931.18,MWh
R02,2026-09-04,5697.61,MWh
R02,2026-09-05,5483.14,MWh
R02,2026-09-06,5489.56,MWh
R02,2026-09-07,5683.26,MWh
R02,2026-09-08,5831.46,MWh
R02,2026-09-09,5896.6,MWh
R02,2026-09-10,5849.48,MWh
R02,2026-09-11,5760.93,MWh
R02,2026-09-12,5742.2,MWh
R02,2026-09-13,5852.15,MWh
R02,2026-09-14,6043.62,MWh
R02,2026-09-15,6185.35,MWh
R02,2026-09-16,6016.11,MWh
R02,2026-09-17,5746.66,MWh
R02,2026-09-18,5192.79,MWh
R02,2026-09-19,5417.18,MWh
R02,2026-09-20,5567.8,MWh
R02,2026-09-21,5703.02,MWh
R02,2026-09-22,5858.42,MWh
R02,2026-09-23,5918.78,MWh
R02,2026-09-24,5849.98,MWh
R02,2026-09-25,5723.05,MWh
R02,2026-09-26,5653.67,MWh
R02,2026-09-27,5708.85,MWh
R02,2026-09-28,5853.04,MWh
R02,2026-09-29,5911.12,MWh
R02,2026-09-30,5916.77,MWh
R03,2026-09-01,5464.55,MWh
R03,2026-09-02,5550.63,MWh
R03,2026-09-03,5580.76,MWh
R03,2026-09-04,5553.43,MWh
R03,2026-09-05,5519.55,MWh
R03,2026-09-06,5547.19,MWh
R03,2026-09-07,5672.83,MWh
R03,2026-09-08,5868.58,MWh
R03,2026-09-09,6046.53,MWh
R03,2026-09-10,6100.76,MWh
R03,2026-09-11,5965.82,MWh
R03,2026-09-12,5660.27,MWh
R03,2026-09-13,5289.32,MWh
R03,2026-09-14,5002.31,MWh
R03,2026-09-15,4923.95,MWh
R03,2026-09-16,5093.51,MWh
R03,2026-09-17,5442.88,MWh
R03,2026-09-18,5825.94,MWh
R03,2026-09-19,6085.26,MWh
R03,2026-09-20,6123.8,MWh
R03,2026-09-21,5946.45,MWh
R03,2026-09-22,5652.06,MWh
R03,2026-09-23,5381.35,MWh
R03,2026-09-24,4641.31,MWh
R03,2026-09-25,5290.19,MWh
R03,2026-09-26,5458.31,MWh
R03,2026-09-27,5653.57,MWh
R03,2026-09-28,5782.82,MWh
R03,2026-09-29,5806.12,MWh
R03,2026-09-30,5749.81,MWh
R04,2026-09-01,5474.98,MWh
R04,2026-09-02,5367.59,MWh
R04,2026-09-03,5195.39,MWh
R04,2026-09-04,5068.13,MWh
R04,2026-09-05,5077.75,MWh
R04,2026-09-06,5240.62,MWh
R04,2026-09-07,5479.9,MWh
R04,2026-09-08,5660.08,MWh
R04,2026-09-09,4357.45,MWh
R04,2026-09-10,4246.14,MWh
R04,2026-09-11,5046.53,MWh
R04,2026-09-12,4663.92,MWh
R04,2026-09-13,4451.57,MWh
R04,2026-09-14,4510.91,MWh
R04,2026-09-15,4824.59,MWh
R04,2026-09-16,5263.49,MWh
R04,2026-09-17,5648.12,MWh
R04,2026-09-18,5833.26,MWh
R04,2026-09-19,5773.25,MWh
R04,2026-09-20,5536.07,MWh
R04,2026-09-21,5260.92,MWh
R04,2026-09-22,5083.58,MWh
R04,2026-09-23,5069.01,MWh
R04,2026-09-24,5185.82,MWh
R04,2026-09-25,5333.6,MWh
R04,2026-09-26,5405.58,MWh
R04,2026-09-27,5350.74,MWh
R04,2026-09-28,5201.0,MWh
R04,2026-09-29,5049.29,MWh
R04,2026-09-30,4991.92,MWh
