SupplierID,SupplierNameCanonical,SupplierCategory,CountryCode,PreferredFlag,RiskTier
SUP-001,NorthStar Turbine Services,Mechanical,US,TRUE,Medium
SUP-002,HelioGrid Solar Components,Solar Components,US,TRUE,Low
SUP-003,Cascade Hydro Works,Hydro Services,US,TRUE,Low
SUP-004,GeoCore Drilling Systems,Geothermal Services,US,FALSE,Medium
SUP-005,BioCycle Feedstock Partners,Biomass Supply,US,TRUE,Medium
SUP-006,Storage Dynamics LLC,Battery Systems,US,TRUE,Low
SUP-007,Atlantic Marine Wind Services,Offshore Services,US,TRUE,High
SUP-008,Prairie Electrical & Controls,Electrical,US,TRUE,Low
SUP-009,GridSense Analytics,Analytics,US,FALSE,Low
SUP-010,RenewOps Safety Solutions,Safety,US,TRUE,Low
SUP-011,GreenLink Logistics,Logistics,CA,FALSE,Medium
SUP-012,Apex Industrial Calibration,Calibration,US,TRUE,Low
