Date,PlantID,ActualGenerationMWh,Unit,ForecastGenerationMWh,TechnologyFamily,RegionName
2026-08-01,SVR-001,3481.92,MWh,3464.51,Hydro,Pacific Northwest
2026-08-01,SVR-002,2246.4,MWh,2239.66,Hydro,Pacific Northwest
2026-08-01,SVR-003,1355.9,MWh,1354.54,Solar,Desert Southwest
2026-08-01,SVR-004,984.96,MWh,985.94,Solar,Desert Southwest
2026-08-01,SVR-005,2325.6,MWh,2332.58,Wind,Great Plains
2026-08-01,SVR-006,1988.16,MWh,1998.1,Wind,Great Plains
2026-08-01,SVR-007,3585.12,MWh,3534.93,Wind,Atlantic Coast
2026-08-01,SVR-008,2695.68,MWh,2663.33,Geothermal,Desert Southwest
2026-08-01,SVR-009,1377.79,MWh,1364.01,Biomass/Biogas,Great Plains
2026-08-01,SVR-011,926.64,MWh,919.23,Hybrid,Desert Southwest
2026-08-01,SVR-012,1628.16,MWh,1618.39,Hybrid,Atlantic Coast
2026-08-02,SVR-001,3556.8,MWh,3556.8,Hydro,Pacific Northwest
2026-08-02,SVR-002,2448.58,MWh,2455.93,Hydro,Pacific Northwest
2026-08-02,SVR-003,1317.89,MWh,1298.12,Solar,Desert Southwest
2026-08-02,SVR-004,1026.43,MWh,1014.11,Solar,Desert Southwest
2026-08-02,SVR-005,2143.2,MWh,2123.91,Wind,Great Plains
2026-08-02,SVR-006,1969.92,MWh,1958.1,Wind,Great Plains
2026-08-02,SVR-007,3806.88,MWh,3795.46,Wind,Atlantic Coast
2026-08-02,SVR-008,2540.16,MWh,2540.16,Geothermal,Desert Southwest
2026-08-02,SVR-009,1392.77,MWh,1396.95,Biomass/Biogas,Great Plains
2026-08-02,SVR-011,1001.52,MWh,986.5,Hybrid,Desert Southwest
2026-08-02,SVR-012,1566.72,MWh,1547.92,Hybrid,Atlantic Coast
2026-08-03,SVR-001,3631.68,MWh,3649.84,Hydro,Pacific Northwest
2026-08-03,SVR-002,2223.94,MWh,2197.25,Hydro,Pacific Northwest
2026-08-03,SVR-003,1279.87,MWh,1269.63,Solar,Desert Southwest
2026-08-03,SVR-004,1067.9,MWh,1063.63,Solar,Desert Southwest
2026-08-03,SVR-005,2394.0,MWh,2394.0,Wind,Great Plains
2026-08-03,SVR-006,1951.68,MWh,1959.49,Wind,Great Plains
2026-08-03,SVR-007,4028.64,MWh,3976.27,Wind,Atlantic Coast
2026-08-03,SVR-008,2384.64,MWh,2363.18,Geothermal,Desert Southwest
2026-08-03,SVR-009,1407.74,MWh,1400.7,Biomass/Biogas,Great Plains
2026-08-03,SVR-011,898.56,MWh,897.66,Hybrid,Desert Southwest
2026-08-03,SVR-012,1505.28,MWh,1509.8,Hybrid,Atlantic Coast
2026-08-04,SVR-001,3706.56,MWh,3665.79,Hydro,Pacific Northwest
2026-08-04,SVR-002,2426.11,MWh,2411.55,Hydro,Pacific Northwest
2026-08-04,SVR-003,1241.86,MWh,1240.62,Solar,Desert Southwest
2026-08-04,SVR-004,1109.38,MWh,1113.82,Solar,Desert Southwest
2026-08-04,SVR-005,2211.6,MWh,2185.06,Wind,Great Plains
2026-08-04,SVR-006,1933.44,MWh,1919.91,Wind,Great Plains
2026-08-04,SVR-007,3548.16,MWh,3541.06,Wind,Atlantic Coast
2026-08-04,SVR-008,2721.6,MWh,2729.76,Geothermal,Desert Southwest
2026-08-04,SVR-009,1422.72,MWh,1404.22,Biomass/Biogas,Great Plains
2026-08-04,SVR-011,973.44,MWh,965.65,Hybrid,Desert Southwest
2026-08-04,SVR-012,1443.84,MWh,1439.51,Hybrid,Atlantic Coast
2026-08-05,SVR-001,3781.44,MWh,3758.75,Hydro,Pacific Northwest
2026-08-05,SVR-002,2201.47,MWh,2201.47,Hydro,Pacific Northwest
2026-08-05,SVR-003,1203.84,MWh,1185.78,Solar,Desert Southwest
2026-08-05,SVR-004,953.86,MWh,945.28,Solar,Desert Southwest
2026-08-05,SVR-005,2462.4,MWh,2455.01,Wind,Great Plains
2026-08-05,SVR-006,1915.2,MWh,1920.95,Wind,Great Plains
2026-08-05,SVR-007,3769.92,MWh,3724.68,Wind,Atlantic Coast
2026-08-05,SVR-008,2566.08,MWh,2550.68,Geothermal,Desert Southwest
2026-08-05,SVR-009,1437.7,MWh,1437.7,Biomass/Biogas,Great Plains
2026-08-05,SVR-011,870.48,MWh,857.42,Hybrid,Desert Southwest
2026-08-05,SVR-012,1674.24,MWh,1659.17,Hybrid,Atlantic Coast
2026-08-06,SVR-001,3856.32,MWh,3852.46,Hydro,Pacific Northwest
2026-08-06,SVR-002,2403.65,MWh,2367.6,Hydro,Pacific Northwest
2026-08-06,SVR-003,1165.82,MWh,1156.49,Solar,Desert Southwest
2026-08-06,SVR-004,995.33,MWh,994.33,Solar,Desert Southwest
2026-08-06,SVR-005,2280.0,MWh,2245.8,Wind,Great Plains
2026-08-06,SVR-006,1896.96,MWh,1881.78,Wind,Great Plains
2026-08-06,SVR-007,3991.68,MWh,3987.69,Wind,Atlantic Coast
2026-08-06,SVR-008,2410.56,MWh,2374.4,Geothermal,Desert Southwest
2026-08-06,SVR-009,1452.67,MWh,1441.05,Biomass/Biogas,Great Plains
2026-08-06,SVR-011,945.36,MWh,944.41,Hybrid,Desert Southwest
2026-08-06,SVR-012,1612.8,MWh,1588.61,Hybrid,Atlantic Coast
2026-08-07,SVR-001,3931.2,MWh,3946.92,Hydro,Pacific Northwest
2026-08-07,SVR-002,2179.01,MWh,2159.4,Hydro,Pacific Northwest
2026-08-07,SVR-003,1368.58,MWh,1367.21,Solar,Desert Southwest
2026-08-07,SVR-004,1036.8,MWh,1022.28,Solar,Desert Southwest
2026-08-07,SVR-005,2097.6,MWh,2085.01,Wind,Great Plains
2026-08-07,SVR-006,1878.72,MWh,1882.48,Wind,Great Plains
2026-08-07,SVR-007,3511.2,MWh,3472.58,Wind,Atlantic Coast
2026-08-07,SVR-008,2747.52,MWh,2739.28,Geothermal,Desert Southwest
2026-08-07,SVR-009,1467.65,MWh,1474.99,Biomass/Biogas,Great Plains
2026-08-07,SVR-011,1020.24,MWh,1012.08,Hybrid,Desert Southwest
2026-08-07,SVR-012,1551.36,MWh,1551.36,Hybrid,Atlantic Coast
2026-08-08,SVR-001,4006.08,MWh,3958.01,Hydro,Pacific Northwest
2026-08-08,SVR-002,2381.18,MWh,2374.04,Hydro,Pacific Northwest
2026-08-08,SVR-003,1330.56,MWh,1310.6,Solar,Desert Southwest
2026-08-08,SVR-004,1078.27,MWh,1071.8,Solar,Desert Southwest
2026-08-08,SVR-005,2348.4,MWh,2355.45,Wind,Great Plains
2026-08-08,SVR-006,1860.48,MWh,1843.74,Wind,Great Plains
2026-08-08,SVR-007,3732.96,MWh,3732.96,Wind,Atlantic Coast
2026-08-08,SVR-008,2592.0,MWh,2560.9,Geothermal,Desert Southwest
2026-08-08,SVR-009,1482.62,MWh,1478.17,Biomass/Biogas,Great Plains
2026-08-08,SVR-011,917.28,MWh,903.52,Hybrid,Desert Southwest
2026-08-08,SVR-012,1489.92,MWh,1480.98,Hybrid,Atlantic Coast
2026-08-09,SVR-001,4080.96,MWh,4052.39,Hydro,Pacific Northwest
2026-08-09,SVR-002,2156.54,MWh,2163.01,Hydro,Pacific Northwest
2026-08-09,SVR-003,1292.54,MWh,1282.2,Solar,Desert Southwest
2026-08-09,SVR-004,1119.74,MWh,1121.98,Solar,Desert Southwest
2026-08-09,SVR-005,2166.0,MWh,2146.51,Wind,Great Plains
2026-08-09,SVR-006,1842.24,MWh,1844.08,Wind,Great Plains
2026-08-09,SVR-007,3954.72,MWh,3915.17,Wind,Atlantic Coast
2026-08-09,SVR-008,2436.48,MWh,2436.48,Geothermal,Desert Southwest
2026-08-09,SVR-009,1497.6,MWh,1481.13,Biomass/Biogas,Great Plains
2026-08-09,SVR-011,992.16,MWh,991.17,Hybrid,Desert Southwest
2026-08-09,SVR-012,1428.48,MWh,1411.34,Hybrid,Atlantic Coast
2026-08-10,SVR-001,3444.48,MWh,3437.59,Hydro,Pacific Northwest
2026-08-10,SVR-002,2358.72,MWh,2330.42,Hydro,Pacific Northwest
2026-08-10,SVR-003,1254.53,MWh,1253.28,Solar,Desert Southwest
2026-08-10,SVR-004,964.22,MWh,953.61,Solar,Desert Southwest
2026-08-10,SVR-005,2416.8,MWh,2416.8,Wind,Great Plains
2026-08-10,SVR-006,1824.0,MWh,1805.76,Wind,Great Plains
2026-08-10,SVR-007,3474.24,MWh,3477.71,Wind,Atlantic Coast
2026-08-10,SVR-008,2773.44,MWh,2748.48,Geothermal,Desert Southwest
2026-08-10,SVR-009,1512.58,MWh,1515.61,Biomass/Biogas,Great Plains
2026-08-10,SVR-011,889.2,MWh,882.09,Hybrid,Desert Southwest
2026-08-10,SVR-012,1658.88,MWh,1663.86,Hybrid,Atlantic Coast
2026-08-11,SVR-001,3519.36,MWh,3529.92,Hydro,Pacific Northwest
2026-08-11,SVR-002,2134.08,MWh,2121.28,Hydro,Pacific Northwest
2026-08-11,SVR-003,1216.51,MWh,1198.26,Solar,Desert Southwest
2026-08-11,SVR-004,1005.7,MWh,1002.68,Solar,Desert Southwest
2026-08-11,SVR-005,2234.4,MWh,2207.59,Wind,Great Plains
2026-08-11,SVR-006,1805.76,MWh,1805.76,Wind,Great Plains
2026-08-11,SVR-007,3696.0,MWh,3662.74,Wind,Atlantic Coast
2026-08-11,SVR-008,2617.92,MWh,2625.77,Geothermal,Desert Southwest
2026-08-11,SVR-009,1527.55,MWh,1518.38,Biomass/Biogas,Great Plains
2026-08-11,SVR-011,964.08,MWh,949.62,Hybrid,Desert Southwest
2026-08-11,SVR-012,1597.44,MWh,1592.65,Hybrid,Atlantic Coast
2026-08-12,SVR-001,3594.24,MWh,3547.51,Hydro,Pacific Northwest
2026-08-12,SVR-002,2336.26,MWh,2336.26,Hydro,Pacific Northwest
2026-08-12,SVR-003,1178.5,MWh,1169.07,Solar,Desert Southwest
2026-08-12,SVR-004,1047.17,MWh,1052.41,Solar,Desert Southwest
2026-08-12,SVR-005,2485.2,MWh,2477.74,Wind,Great Plains
2026-08-12,SVR-006,1787.52,MWh,1767.86,Wind,Great Plains
2026-08-12,SVR-007,3917.76,MWh,3925.6,Wind,Atlantic Coast
2026-08-12,SVR-008,2462.4,MWh,2447.63,Geothermal,Desert Southwest
2026-08-12,SVR-009,1542.53,MWh,1520.93,Biomass/Biogas,Great Plains
2026-08-12,SVR-011,861.12,MWh,860.26,Hybrid,Desert Southwest
2026-08-12,SVR-012,1536.0,MWh,1522.18,Hybrid,Atlantic Coast
2026-08-13,SVR-001,3669.12,MWh,3639.77,Hydro,Pacific Northwest
2026-08-13,SVR-002,2111.62,MWh,2079.95,Hydro,Pacific Northwest
2026-08-13,SVR-003,1381.25,MWh,1379.87,Solar,Desert Southwest
2026-08-13,SVR-004,1088.64,MWh,1079.93,Solar,Desert Southwest
2026-08-13,SVR-005,2302.8,MWh,2268.26,Wind,Great Plains
2026-08-13,SVR-006,1769.28,MWh,1767.51,Wind,Great Plains
2026-08-13,SVR-007,3437.28,MWh,3409.78,Wind,Atlantic Coast
2026-08-13,SVR-008,2799.36,MWh,2757.37,Geothermal,Desert Southwest
2026-08-13,SVR-009,1557.5,MWh,1555.94,Biomass/Biogas,Great Plains
2026-08-13,SVR-011,936.0,MWh,928.51,Hybrid,Desert Southwest
2026-08-13,SVR-012,1474.56,MWh,1452.44,Hybrid,Atlantic Coast
2026-08-14,SVR-001,3744.0,MWh,3732.77,Hydro,Pacific Northwest
2026-08-14,SVR-002,2313.79,MWh,2292.97,Hydro,Pacific Northwest
2026-08-14,SVR-003,1343.23,MWh,1323.08,Solar,Desert Southwest
2026-08-14,SVR-004,1130.11,MWh,1130.11,Solar,Desert Southwest
2026-08-14,SVR-005,2120.4,MWh,2107.68,Wind,Great Plains
2026-08-14,SVR-006,1751.04,MWh,1730.03,Wind,Great Plains
2026-08-14,SVR-007,3659.04,MWh,3670.02,Wind,Atlantic Coast
2026-08-14,SVR-008,2643.84,MWh,2635.91,Geothermal,Desert Southwest
2026-08-14,SVR-009,1572.48,MWh,1558.33,Biomass/Biogas,Great Plains
2026-08-14,SVR-011,1010.88,MWh,995.72,Hybrid,Desert Southwest
2026-08-14,SVR-012,1413.12,MWh,1413.12,Hybrid,Atlantic Coast
2026-08-15,SVR-001,3818.88,MWh,3826.52,Hydro,Pacific Northwest
2026-08-15,SVR-002,2089.15,MWh,2082.88,Hydro,Pacific Northwest
2026-08-15,SVR-003,1305.22,MWh,1294.78,Solar,Desert Southwest
2026-08-15,SVR-004,974.59,MWh,961.92,Solar,Desert Southwest
2026-08-15,SVR-005,2371.2,MWh,2378.31,Wind,Great Plains
2026-08-15,SVR-006,1732.8,MWh,1729.33,Wind,Great Plains
2026-08-15,SVR-007,3880.8,MWh,3853.63,Wind,Atlantic Coast
2026-08-15,SVR-008,2488.32,MWh,2458.46,Geothermal,Desert Southwest
2026-08-15,SVR-009,1587.46,MWh,1593.81,Biomass/Biogas,Great Plains
2026-08-15,SVR-011,907.92,MWh,907.01,Hybrid,Desert Southwest
2026-08-15,SVR-012,1643.52,MWh,1633.66,Hybrid,Atlantic Coast
2026-08-16,SVR-001,3893.76,MWh,3839.25,Hydro,Pacific Northwest
2026-08-16,SVR-002,2291.33,MWh,2298.2,Hydro,Pacific Northwest
2026-08-16,SVR-003,1267.2,MWh,1265.93,Solar,Desert Southwest
2026-08-16,SVR-004,1016.06,MWh,1010.98,Solar,Desert Southwest
2026-08-16,SVR-005,2188.8,MWh,2169.1,Wind,Great Plains
2026-08-16,SVR-006,1714.56,MWh,1692.27,Wind,Great Plains
2026-08-16,SVR-007,3400.32,MWh,3413.92,Wind,Atlantic Coast
2026-08-16,SVR-008,2825.28,MWh,2825.28,Geothermal,Desert Southwest
2026-08-16,SVR-009,1602.43,MWh,1596.02,Biomass/Biogas,Great Plains
2026-08-16,SVR-011,982.8,MWh,974.94,Hybrid,Desert Southwest
2026-08-16,SVR-012,1582.08,MWh,1563.1,Hybrid,Atlantic Coast
2026-08-17,SVR-001,3968.64,MWh,3932.92,Hydro,Pacific Northwest
2026-08-17,SVR-002,2066.69,MWh,2041.89,Hydro,Pacific Northwest
2026-08-17,SVR-003,1229.18,MWh,1210.74,Solar,Desert Southwest
2026-08-17,SVR-004,1057.54,MWh,1060.71,Solar,Desert Southwest
2026-08-17,SVR-005,2439.6,MWh,2439.6,Wind,Great Plains
2026-08-17,SVR-006,1696.32,MWh,1691.23,Wind,Great Plains
2026-08-17,SVR-007,3622.08,MWh,3600.35,Wind,Atlantic Coast
2026-08-17,SVR-008,2669.76,MWh,2645.73,Geothermal,Desert Southwest
2026-08-17,SVR-009,1617.41,MWh,1598.0,Biomass/Biogas,Great Plains
2026-08-17,SVR-011,879.84,MWh,866.64,Hybrid,Desert Southwest
2026-08-17,SVR-012,1520.64,MWh,1525.2,Hybrid,Atlantic Coast
2026-08-18,SVR-001,4043.52,MWh,4027.35,Hydro,Pacific Northwest
2026-08-18,SVR-002,2268.86,MWh,2255.25,Hydro,Pacific Northwest
2026-08-18,SVR-003,1191.17,MWh,1181.64,Solar,Desert Southwest
2026-08-18,SVR-004,1099.01,MWh,1088.02,Solar,Desert Southwest
2026-08-18,SVR-005,2257.2,MWh,2230.11,Wind,Great Plains
2026-08-18,SVR-006,1678.08,MWh,1654.59,Wind,Great Plains
2026-08-18,SVR-007,3843.84,MWh,3863.06,Wind,Atlantic Coast
2026-08-18,SVR-008,2514.24,MWh,2521.78,Geothermal,Desert Southwest
2026-08-18,SVR-009,1632.38,MWh,1634.01,Biomass/Biogas,Great Plains
2026-08-18,SVR-011,954.72,MWh,953.77,Hybrid,Desert Southwest
2026-08-18,SVR-012,1459.2,MWh,1454.82,Hybrid,Atlantic Coast
2026-08-19,SVR-001,3407.04,MWh,3410.45,Hydro,Pacific Northwest
2026-08-19,SVR-002,2044.22,MWh,2044.22,Hydro,Pacific Northwest
2026-08-19,SVR-003,1153.15,MWh,1152.0,Solar,Desert Southwest
2026-08-19,SVR-004,943.49,MWh,941.6,Solar,Desert Southwest
2026-08-19,SVR-005,2074.8,MWh,2068.58,Wind,Great Plains
2026-08-19,SVR-006,1659.84,MWh,1653.2,Wind,Great Plains
2026-08-19,SVR-007,3363.36,MWh,3346.54,Wind,Atlantic Coast
2026-08-19,SVR-008,2358.72,MWh,2344.57,Geothermal,Desert Southwest
2026-08-19,SVR-009,1362.82,MWh,1353.28,Biomass/Biogas,Great Plains
2026-08-19,SVR-011,851.76,MWh,844.95,Hybrid,Desert Southwest
2026-08-19,SVR-012,1397.76,MWh,1385.18,Hybrid,Atlantic Coast
2026-08-20,SVR-001,3481.92,MWh,3429.69,Hydro,Pacific Northwest
2026-08-20,SVR-002,2246.4,MWh,2212.7,Hydro,Pacific Northwest
2026-08-20,SVR-003,1355.9,MWh,1335.56,Solar,Desert Southwest
2026-08-20,SVR-004,984.96,MWh,970.19,Solar,Desert Southwest
2026-08-20,SVR-005,2325.6,MWh,2290.72,Wind,Great Plains
2026-08-20,SVR-006,1988.16,MWh,1958.34,Wind,Great Plains
2026-08-20,SVR-007,3585.12,MWh,3531.34,Wind,Atlantic Coast
2026-08-20,SVR-008,2695.68,MWh,2655.24,Geothermal,Desert Southwest
2026-08-20,SVR-009,1377.79,MWh,1357.12,Biomass/Biogas,Great Plains
2026-08-20,SVR-011,926.64,MWh,912.74,Hybrid,Desert Southwest
2026-08-20,SVR-012,1628.16,MWh,1603.74,Hybrid,Atlantic Coast
2026-08-21,SVR-001,3556.8,MWh,3521.23,Hydro,Pacific Northwest
2026-08-21,SVR-002,2448.58,MWh,2426.54,Hydro,Pacific Northwest
2026-08-21,SVR-003,1317.89,MWh,1307.35,Solar,Desert Southwest
2026-08-21,SVR-004,1026.43,MWh,1019.24,Solar,Desert Southwest
2026-08-21,SVR-005,2143.2,MWh,2130.34,Wind,Great Plains
2026-08-21,SVR-006,1969.92,MWh,1960.07,Wind,Great Plains
2026-08-21,SVR-007,3806.88,MWh,3791.65,Wind,Atlantic Coast
2026-08-21,SVR-008,2540.16,MWh,2532.54,Geothermal,Desert Southwest
2026-08-21,SVR-009,1392.77,MWh,1389.98,Biomass/Biogas,Great Plains
2026-08-21,SVR-011,1001.52,MWh,1000.52,Hybrid,Desert Southwest
2026-08-21,SVR-012,1566.72,MWh,1566.72,Hybrid,Atlantic Coast
2026-08-22,SVR-001,3631.68,MWh,3613.52,Hydro,Pacific Northwest
2026-08-22,SVR-002,2223.94,MWh,2217.27,Hydro,Pacific Northwest
2026-08-22,SVR-003,1279.87,MWh,1278.59,Solar,Desert Southwest
2026-08-22,SVR-004,1067.9,MWh,1068.97,Solar,Desert Southwest
2026-08-22,SVR-005,2394.0,MWh,2401.18,Wind,Great Plains
2026-08-22,SVR-006,1951.68,MWh,1961.44,Wind,Great Plains
2026-08-22,SVR-007,4028.64,MWh,3972.24,Wind,Atlantic Coast
2026-08-22,SVR-008,2384.64,MWh,2356.02,Geothermal,Desert Southwest
2026-08-22,SVR-009,1407.74,MWh,1393.66,Biomass/Biogas,Great Plains
2026-08-22,SVR-011,898.56,MWh,891.37,Hybrid,Desert Southwest
2026-08-22,SVR-012,1505.28,MWh,1496.25,Hybrid,Atlantic Coast
2026-08-23,SVR-001,3706.56,MWh,3706.56,Hydro,Pacific Northwest
2026-08-23,SVR-002,2426.11,MWh,2433.39,Hydro,Pacific Northwest
2026-08-23,SVR-003,1241.86,MWh,1223.23,Solar,Desert Southwest
2026-08-23,SVR-004,1109.38,MWh,1096.07,Solar,Desert Southwest
2026-08-23,SVR-005,2211.6,MWh,2191.7,Wind,Great Plains
2026-08-23,SVR-006,1933.44,MWh,1921.84,Wind,Great Plains
2026-08-23,SVR-007,3548.16,MWh,3537.52,Wind,Atlantic Coast
2026-08-23,SVR-008,2721.6,MWh,2721.6,Geothermal,Desert Southwest
2026-08-23,SVR-009,1422.72,MWh,1426.99,Biomass/Biogas,Great Plains
2026-08-23,SVR-011,973.44,MWh,958.84,Hybrid,Desert Southwest
2026-08-23,SVR-012,1443.84,MWh,1426.51,Hybrid,Atlantic Coast
2026-08-24,SVR-001,3781.44,MWh,3800.35,Hydro,Pacific Northwest
2026-08-24,SVR-002,2201.47,MWh,2175.05,Hydro,Pacific Northwest
2026-08-24,SVR-003,1203.84,MWh,1194.21,Solar,Desert Southwest
2026-08-24,SVR-004,953.86,MWh,950.04,Solar,Desert Southwest
2026-08-24,SVR-005,2462.4,MWh,2462.4,Wind,Great Plains
2026-08-24,SVR-006,1915.2,MWh,1922.86,Wind,Great Plains
2026-08-24,SVR-007,3769.92,MWh,3720.91,Wind,Atlantic Coast
2026-08-24,SVR-008,2566.08,MWh,2542.99,Geothermal,Desert Southwest
2026-08-24,SVR-009,1437.7,MWh,1430.51,Biomass/Biogas,Great Plains
2026-08-24,SVR-011,870.48,MWh,869.61,Hybrid,Desert Southwest
2026-08-24,SVR-012,1674.24,MWh,1679.26,Hybrid,Atlantic Coast
2026-08-25,SVR-001,3856.32,MWh,3813.9,Hydro,Pacific Northwest
2026-08-25,SVR-002,2403.65,MWh,2389.23,Hydro,Pacific Northwest
2026-08-25,SVR-003,1165.82,MWh,1164.65,Solar,Desert Southwest
2026-08-25,SVR-004,995.33,MWh,999.31,Solar,Desert Southwest
2026-08-25,SVR-005,2280.0,MWh,2252.64,Wind,Great Plains
2026-08-25,SVR-006,1896.96,MWh,1883.68,Wind,Great Plains
2026-08-25,SVR-007,3991.68,MWh,3983.7,Wind,Atlantic Coast
2026-08-25,SVR-008,2410.56,MWh,2417.79,Geothermal,Desert Southwest
2026-08-25,SVR-009,1452.67,MWh,1433.79,Biomass/Biogas,Great Plains
2026-08-25,SVR-011,945.36,MWh,937.8,Hybrid,Desert Southwest
2026-08-25,SVR-012,1612.8,MWh,1607.96,Hybrid,Atlantic Coast
2026-08-26,SVR-001,3931.2,MWh,3907.61,Hydro,Pacific Northwest
2026-08-26,SVR-002,2179.01,MWh,2179.01,Hydro,Pacific Northwest
2026-08-26,SVR-003,1368.58,MWh,1348.05,Solar,Desert Southwest
2026-08-26,SVR-004,1036.8,MWh,1027.47,Solar,Desert Southwest
2026-08-26,SVR-005,2097.6,MWh,2091.31,Wind,Great Plains
2026-08-26,SVR-006,1878.72,MWh,1884.36,Wind,Great Plains
2026-08-26,SVR-007,3511.2,MWh,3469.07,Wind,Atlantic Coast
2026-08-26,SVR-008,2747.52,MWh,2731.03,Geothermal,Desert Southwest
2026-08-26,SVR-009,1467.65,MWh,1467.65,Biomass/Biogas,Great Plains
2026-08-26,SVR-011,1020.24,MWh,1004.94,Hybrid,Desert Southwest
2026-08-26,SVR-012,1551.36,MWh,1537.4,Hybrid,Atlantic Coast
2026-08-27,SVR-001,4006.08,MWh,4002.07,Hydro,Pacific Northwest
2026-08-27,SVR-002,2381.18,MWh,2345.46,Hydro,Pacific Northwest
2026-08-27,SVR-003,1330.56,MWh,1319.92,Solar,Desert Southwest
2026-08-27,SVR-004,1078.27,MWh,1077.19,Solar,Desert Southwest
2026-08-27,SVR-005,2348.4,MWh,2313.17,Wind,Great Plains
2026-08-27,SVR-006,1860.48,MWh,1845.6,Wind,Great Plains
2026-08-27,SVR-007,3732.96,MWh,3729.23,Wind,Atlantic Coast
2026-08-27,SVR-008,2592.0,MWh,2553.12,Geothermal,Desert Southwest
2026-08-27,SVR-009,1482.62,MWh,1470.76,Biomass/Biogas,Great Plains
2026-08-27,SVR-011,917.28,MWh,916.36,Hybrid,Desert Southwest
2026-08-27,SVR-012,1489.92,MWh,1467.57,Hybrid,Atlantic Coast
2026-08-28,SVR-001,4080.96,MWh,4097.28,Hydro,Pacific Northwest
2026-08-28,SVR-002,2156.54,MWh,2137.13,Hydro,Pacific Northwest
2026-08-28,SVR-003,1292.54,MWh,1291.25,Solar,Desert Southwest
2026-08-28,SVR-004,1119.74,MWh,1104.06,Solar,Desert Southwest
2026-08-28,SVR-005,2166.0,MWh,2153.0,Wind,Great Plains
2026-08-28,SVR-006,1842.24,MWh,1845.92,Wind,Great Plains
2026-08-28,SVR-007,3954.72,MWh,3911.22,Wind,Atlantic Coast
2026-08-28,SVR-008,2436.48,MWh,2429.17,Geothermal,Desert Southwest
2026-08-28,SVR-009,1497.6,MWh,1505.09,Biomass/Biogas,Great Plains
2026-08-28,SVR-011,992.16,MWh,984.22,Hybrid,Desert Southwest
2026-08-28,SVR-012,1428.48,MWh,1428.48,Hybrid,Atlantic Coast
2026-08-29,SVR-001,3444.48,MWh,3403.15,Hydro,Pacific Northwest
2026-08-29,SVR-002,2358.72,MWh,2351.64,Hydro,Pacific Northwest
2026-08-29,SVR-003,1254.53,MWh,1235.71,Solar,Desert Southwest
2026-08-29,SVR-004,964.22,MWh,958.43,Solar,Desert Southwest
2026-08-29,SVR-005,2416.8,MWh,2424.05,Wind,Great Plains
2026-08-29,SVR-006,1824.0,MWh,1807.58,Wind,Great Plains
2026-08-29,SVR-007,3474.24,MWh,3474.24,Wind,Atlantic Coast
2026-08-29,SVR-008,2773.44,MWh,2740.16,Geothermal,Desert Southwest
2026-08-29,SVR-009,1512.58,MWh,1508.04,Biomass/Biogas,Great Plains
2026-08-29,SVR-011,889.2,MWh,875.86,Hybrid,Desert Southwest
2026-08-29,SVR-012,1658.88,MWh,1648.93,Hybrid,Atlantic Coast
2026-08-30,SVR-001,3519.36,MWh,3494.72,Hydro,Pacific Northwest
2026-08-30,SVR-002,2134.08,MWh,2140.48,Hydro,Pacific Northwest
2026-08-30,SVR-003,1216.51,MWh,1206.78,Solar,Desert Southwest
2026-08-30,SVR-004,1005.7,MWh,1007.71,Solar,Desert Southwest
2026-08-30,SVR-005,2234.4,MWh,2214.29,Wind,Great Plains
2026-08-30,SVR-006,1805.76,MWh,1807.57,Wind,Great Plains
2026-08-30,SVR-007,3696.0,MWh,3659.04,Wind,Atlantic Coast
2026-08-30,SVR-008,2617.92,MWh,2617.92,Geothermal,Desert Southwest
2026-08-30,SVR-009,1527.55,MWh,1510.75,Biomass/Biogas,Great Plains
2026-08-30,SVR-011,964.08,MWh,963.12,Hybrid,Desert Southwest
2026-08-30,SVR-012,1597.44,MWh,1578.27,Hybrid,Atlantic Coast
2026-08-31,SVR-001,3594.24,MWh,3587.05,Hydro,Pacific Northwest
2026-08-31,SVR-002,2336.26,MWh,2308.22,Hydro,Pacific Northwest
2026-08-31,SVR-003,1178.5,MWh,1177.32,Solar,Desert Southwest
2026-08-31,SVR-004,1047.17,MWh,1035.65,Solar,Desert Southwest
2026-08-31,SVR-005,2485.2,MWh,2485.2,Wind,Great Plains
2026-08-31,SVR-006,1787.52,MWh,1769.64,Wind,Great Plains
2026-08-31,SVR-007,3917.76,MWh,3921.68,Wind,Atlantic Coast
2026-08-31,SVR-008,2462.4,MWh,2440.24,Geothermal,Desert Southwest
2026-08-31,SVR-009,1542.53,MWh,1545.62,Biomass/Biogas,Great Plains
2026-08-31,SVR-011,861.12,MWh,854.23,Hybrid,Desert Southwest
2026-08-31,SVR-012,1536.0,MWh,1540.61,Hybrid,Atlantic Coast
