PlantID,Date,RegionName,TechnologyFamily,ActualGenerationMWh,ForecastGenerationMWh,Unit
SVR-001,2026-09-01,Pacific Northwest,Hydro,3481.92,3464.51,MWh
SVR-002,2026-09-01,Pacific Northwest,Hydro,2246.4,2239.66,MWh
SVR-003,2026-09-01,Desert Southwest,Solar,1355.9,1354.54,MWh
SVR-004,2026-09-01,Desert Southwest,Solar,984.96,985.94,MWh
SVR-005,2026-09-01,Great Plains,Wind,2325.6,2332.58,MWh
SVR-006,2026-09-01,Great Plains,Wind,1988.16,1998.1,MWh
SVR-007,2026-09-01,Atlantic Coast,Wind,3585.12,3534.93,MWh
SVR-008,2026-09-01,Desert Southwest,Geothermal,2695.68,2663.33,MWh
SVR-009,2026-09-01,Great Plains,Biomass/Biogas,1377.79,1364.01,MWh
SVR-011,2026-09-01,Desert Southwest,Hybrid,926.64,919.23,MWh
SVR-012,2026-09-01,Atlantic Coast,Hybrid,1628.16,1618.39,MWh
SVR-001,2026-09-02,Pacific Northwest,Hydro,3556.8,3556.8,MWh
SVR-002,2026-09-02,Pacific Northwest,Hydro,2448.58,2455.93,MWh
SVR-003,2026-09-02,Desert Southwest,Solar,1317.89,1298.12,MWh
SVR-004,2026-09-02,Desert Southwest,Solar,1026.43,1014.11,MWh
SVR-005,2026-09-02,Great Plains,Wind,2143.2,2123.91,MWh
SVR-006,2026-09-02,Great Plains,Wind,1969.92,1958.1,MWh
SVR-007,2026-09-02,Atlantic Coast,Wind,3806.88,3795.46,MWh
SVR-008,2026-09-02,Desert Southwest,Geothermal,2540.16,2540.16,MWh
SVR-009,2026-09-02,Great Plains,Biomass/Biogas,1392.77,1396.95,MWh
SVR-011,2026-09-02,Desert Southwest,Hybrid,1001.52,986.5,MWh
SVR-012,2026-09-02,Atlantic Coast,Hybrid,1566.72,1547.92,MWh
SVR-001,2026-09-03,Pacific Northwest,Hydro,3631.68,3649.84,MWh
SVR-002,2026-09-03,Pacific Northwest,Hydro,2223.94,2197.25,MWh
SVR-003,2026-09-03,Desert Southwest,Solar,1279.87,1269.63,MWh
SVR-004,2026-09-03,Desert Southwest,Solar,1067.9,1063.63,MWh
SVR-005,2026-09-03,Great Plains,Wind,2394.0,2394.0,MWh
SVR-006,2026-09-03,Great Plains,Wind,1951.68,1959.49,MWh
SVR-007,2026-09-03,Atlantic Coast,Wind,4028.64,3976.27,MWh
SVR-008,2026-09-03,Desert Southwest,Geothermal,2384.64,2363.18,MWh
SVR-009,2026-09-03,Great Plains,Biomass/Biogas,1407.74,1400.7,MWh
SVR-011,2026-09-03,Desert Southwest,Hybrid,898.56,897.66,MWh
SVR-012,2026-09-03,Atlantic Coast,Hybrid,1505.28,1509.8,MWh
SVR-001,2026-09-04,Pacific Northwest,Hydro,3706.56,3665.79,MWh
SVR-002,2026-09-04,Pacific Northwest,Hydro,2426.11,2411.55,MWh
SVR-003,2026-09-04,Desert Southwest,Solar,1241.86,1240.62,MWh
SVR-004,2026-09-04,Desert Southwest,Solar,1109.38,1113.82,MWh
SVR-005,2026-09-04,Great Plains,Wind,2211.6,2185.06,MWh
SVR-006,2026-09-04,Great Plains,Wind,1933.44,1919.91,MWh
SVR-007,2026-09-04,Atlantic Coast,Wind,3548.16,3541.06,MWh
SVR-008,2026-09-04,Desert Southwest,Geothermal,2721.6,2729.76,MWh
SVR-009,2026-09-04,Great Plains,Biomass/Biogas,1422.72,1404.22,MWh
SVR-011,2026-09-04,Desert Southwest,Hybrid,973.44,965.65,MWh
SVR-012,2026-09-04,Atlantic Coast,Hybrid,1443.84,1439.51,MWh
SVR-001,2026-09-05,Pacific Northwest,Hydro,3781.44,3758.75,MWh
SVR-002,2026-09-05,Pacific Northwest,Hydro,2201.47,2201.47,MWh
SVR-003,2026-09-05,Desert Southwest,Solar,1203.84,1185.78,MWh
SVR-004,2026-09-05,Desert Southwest,Solar,953.86,945.28,MWh
SVR-005,2026-09-05,Great Plains,Wind,2462.4,2455.01,MWh
SVR-006,2026-09-05,Great Plains,Wind,1915.2,1920.95,MWh
SVR-007,2026-09-05,Atlantic Coast,Wind,3769.92,3724.68,MWh
SVR-008,2026-09-05,Desert Southwest,Geothermal,2566.08,2550.68,MWh
SVR-009,2026-09-05,Great Plains,Biomass/Biogas,1437.7,1437.7,MWh
SVR-011,2026-09-05,Desert Southwest,Hybrid,870.48,857.42,MWh
SVR-012,2026-09-05,Atlantic Coast,Hybrid,1674.24,1659.17,MWh
SVR-001,2026-09-06,Pacific Northwest,Hydro,3856.32,3852.46,MWh
SVR-002,2026-09-06,Pacific Northwest,Hydro,2403.65,2367.6,MWh
SVR-003,2026-09-06,Desert Southwest,Solar,1165.82,1156.49,MWh
SVR-004,2026-09-06,Desert Southwest,Solar,995.33,994.33,MWh
SVR-005,2026-09-06,Great Plains,Wind,2280.0,2245.8,MWh
SVR-006,2026-09-06,Great Plains,Wind,1896.96,1881.78,MWh
SVR-007,2026-09-06,Atlantic Coast,Wind,3991.68,3987.69,MWh
SVR-008,2026-09-06,Desert Southwest,Geothermal,2410.56,2374.4,MWh
SVR-009,2026-09-06,Great Plains,Biomass/Biogas,1452.67,1441.05,MWh
SVR-011,2026-09-06,Desert Southwest,Hybrid,945.36,944.41,MWh
SVR-012,2026-09-06,Atlantic Coast,Hybrid,1612.8,1588.61,MWh
SVR-001,2026-09-07,Pacific Northwest,Hydro,3931.2,3946.92,MWh
SVR-002,2026-09-07,Pacific Northwest,Hydro,2179.01,2159.4,MWh
SVR-003,2026-09-07,Desert Southwest,Solar,1368.58,1367.21,MWh
SVR-004,2026-09-07,Desert Southwest,Solar,1036.8,1022.28,MWh
SVR-005,2026-09-07,Great Plains,Wind,2097.6,2085.01,MWh
SVR-006,2026-09-07,Great Plains,Wind,1878.72,1882.48,MWh
SVR-007,2026-09-07,Atlantic Coast,Wind,3511.2,3472.58,MWh
SVR-008,2026-09-07,Desert Southwest,Geothermal,2747.52,2739.28,MWh
SVR-009,2026-09-07,Great Plains,Biomass/Biogas,1467.65,1474.99,MWh
SVR-011,2026-09-07,Desert Southwest,Hybrid,1020.24,1012.08,MWh
SVR-012,2026-09-07,Atlantic Coast,Hybrid,1551.36,1551.36,MWh
SVR-001,2026-09-08,Pacific Northwest,Hydro,4006.08,3958.01,MWh
SVR-002,2026-09-08,Pacific Northwest,Hydro,2381.18,2374.04,MWh
SVR-003,2026-09-08,Desert Southwest,Solar,1330.56,1310.6,MWh
SVR-004,2026-09-08,Desert Southwest,Solar,1078.27,1071.8,MWh
SVR-005,2026-09-08,Great Plains,Wind,2348.4,2355.45,MWh
SVR-006,2026-09-08,Great Plains,Wind,1860.48,1843.74,MWh
SVR-007,2026-09-08,Atlantic Coast,Wind,3732.96,3732.96,MWh
SVR-008,2026-09-08,Desert Southwest,Geothermal,2592.0,2560.9,MWh
SVR-009,2026-09-08,Great Plains,Biomass/Biogas,1482.62,1478.17,MWh
SVR-011,2026-09-08,Desert Southwest,Hybrid,917.28,903.52,MWh
SVR-012,2026-09-08,Atlantic Coast,Hybrid,1489.92,1480.98,MWh
SVR-001,2026-09-09,Pacific Northwest,Hydro,4080.96,4052.39,MWh
SVR-002,2026-09-09,Pacific Northwest,Hydro,2156.54,2163.01,MWh
SVR-003,2026-09-09,Desert Southwest,Solar,1292.54,1282.2,MWh
SVR-004,2026-09-09,Desert Southwest,Solar,1119.74,1121.98,MWh
SVR-005,2026-09-09,Great Plains,Wind,2166.0,2146.51,MWh
SVR-006,2026-09-09,Great Plains,Wind,1842.24,1844.08,MWh
SVR-007,2026-09-09,Atlantic Coast,Wind,3954.72,3915.17,MWh
SVR-008,2026-09-09,Desert Southwest,Geothermal,2436.48,2436.48,MWh
SVR-009,2026-09-09,Great Plains,Biomass/Biogas,1497.6,1481.13,MWh
SVR-011,2026-09-09,Desert Southwest,Hybrid,992.16,991.17,MWh
SVR-012,2026-09-09,Atlantic Coast,Hybrid,1428.48,1411.34,MWh
SVR-001,2026-09-10,Pacific Northwest,Hydro,3444.48,3437.59,MWh
SVR-002,2026-09-10,Pacific Northwest,Hydro,2358.72,2330.42,MWh
SVR-003,2026-09-10,Desert Southwest,Solar,1254.53,1253.28,MWh
SVR-004,2026-09-10,Desert Southwest,Solar,964.22,953.61,MWh
SVR-005,2026-09-10,Great Plains,Wind,2416.8,2416.8,MWh
SVR-006,2026-09-10,Great Plains,Wind,1824.0,1805.76,MWh
SVR-007,2026-09-10,Atlantic Coast,Wind,3474.24,3477.71,MWh
SVR-008,2026-09-10,Desert Southwest,Geothermal,2773.44,2748.48,MWh
SVR-009,2026-09-10,Great Plains,Biomass/Biogas,1512.58,1515.61,MWh
SVR-011,2026-09-10,Desert Southwest,Hybrid,889.2,882.09,MWh
SVR-012,2026-09-10,Atlantic Coast,Hybrid,1658.88,1663.86,MWh
SVR-001,2026-09-11,Pacific Northwest,Hydro,3519.36,3529.92,MWh
SVR-002,2026-09-11,Pacific Northwest,Hydro,2134.08,2121.28,MWh
SVR-003,2026-09-11,Desert Southwest,Solar,1216.51,1198.26,MWh
SVR-004,2026-09-11,Desert Southwest,Solar,1005.7,1002.68,MWh
SVR-005,2026-09-11,Great Plains,Wind,2234.4,2207.59,MWh
SVR-006,2026-09-11,Great Plains,Wind,1805.76,1805.76,MWh
SVR-007,2026-09-11,Atlantic Coast,Wind,3696.0,3662.74,MWh
SVR-008,2026-09-11,Desert Southwest,Geothermal,not_available,2625.77,MWh
SVR-009,2026-09-11,Great Plains,Biomass/Biogas,1527.55,1518.38,MWh
SVR-011,2026-09-11,Desert Southwest,Hybrid,964.08,949.62,MWh
SVR-012,2026-09-11,Atlantic Coast,Hybrid,1597.44,1592.65,MWh
SVR-001,2026-09-12,Pacific Northwest,Hydro,3594.24,3547.51,MWh
SVR-002,2026-09-12,Pacific Northwest,Hydro,2336.26,2336.26,MWh
SVR-003,2026-09-12,Desert Southwest,Solar,1178.5,1169.07,MWh
SVR-004,2026-09-12,Desert Southwest,Solar,1047.17,1052.41,MWh
SVR-005,2026-09-12,Great Plains,Wind,2485.2,2477.74,MWh
SVR-006,2026-09-12,Great Plains,Wind,1787.52,1767.86,MWh
SVR-007,2026-09-12,Atlantic Coast,Wind,3917.76,3925.6,MWh
SVR-008,2026-09-12,Desert Southwest,Geothermal,2462.4,2447.63,MWh
SVR-009,2026-09-12,Great Plains,Biomass/Biogas,1542.53,1520.93,MWh
SVR-011,2026-09-12,Desert Southwest,Hybrid,861.12,860.26,MWh
SVR-012,2026-09-12,Atlantic Coast,Hybrid,1536.0,1522.18,MWh
SVR-001,2026-09-13,Pacific Northwest,Hydro,3669.12,3639.77,MWh
SVR-002,2026-09-13,Pacific Northwest,Hydro,2111.62,2079.95,MWh
SVR-003,2026-09-13,Desert Southwest,Solar,1381.25,1379.87,MWh
SVR-004,2026-09-13,Desert Southwest,Solar,1088.64,1079.93,MWh
SVR-005,2026-09-13,Great Plains,Wind,2302.8,2268.26,MWh
SVR-006,2026-09-13,Great Plains,Wind,1769.28,1767.51,MWh
SVR-007,2026-09-13,Atlantic Coast,Wind,3437.28,3409.78,MWh
SVR-008,2026-09-13,Desert Southwest,Geothermal,2799.36,2757.37,MWh
SVR-009,2026-09-13,Great Plains,Biomass/Biogas,1557.5,1555.94,MWh
SVR-011,2026-09-13,Desert Southwest,Hybrid,936.0,928.51,MWh
SVR-012,2026-09-13,Atlantic Coast,Hybrid,1474.56,1452.44,MWh
SVR-001,2026-09-14,Pacific Northwest,Hydro,3744.0,3732.77,MWh
SVR-002,2026-09-14,Pacific Northwest,Hydro,2313.79,2292.97,MWh
SVR-003,2026-09-14,Desert Southwest,Solar,1343.23,1323.08,MWh
SVR-004,2026-09-14,Desert Southwest,Solar,1130.11,1130.11,MWh
SVR-005,2026-09-14,Great Plains,Wind,2120.4,2107.68,MWh
SVR-006,2026-09-14,Great Plains,Wind,1751.04,1730.03,MWh
SVR-007,2026-09-14,Atlantic Coast,Wind,3659.04,3670.02,MWh
SVR-008,2026-09-14,Desert Southwest,Geothermal,2643.84,2635.91,MWh
SVR-009,2026-09-14,Great Plains,Biomass/Biogas,1572.48,1558.33,MWh
SVR-011,2026-09-14,Desert Southwest,Hybrid,1010.88,995.72,MWh
SVR-012,2026-09-14,Atlantic Coast,Hybrid,1413.12,1413.12,MWh
SVR-001,2026-09-15,Pacific Northwest,Hydro,3818.88,3826.52,MWh
SVR-002,2026-09-15,Pacific Northwest,Hydro,2089.15,2082.88,MWh
SVR-003,2026-09-15,Desert Southwest,Solar,1305.22,1294.78,MWh
SVR-004,2026-09-15,Desert Southwest,Solar,974.59,961.92,MWh
SVR-005,2026-09-15,Great Plains,Wind,2371.2,2378.31,MWh
SVR-006,2026-09-15,Great Plains,Wind,1732.8,1729.33,MWh
SVR-007,2026-09-15,Atlantic Coast,Wind,3880.8,3853.63,MWh
SVR-008,2026-09-15,Desert Southwest,Geothermal,2488.32,2458.46,MWh
SVR-009,2026-09-15,Great Plains,Biomass/Biogas,1587.46,1593.81,MWh
SVR-011,2026-09-15,Desert Southwest,Hybrid,907.92,907.01,MWh
SVR-012,2026-09-15,Atlantic Coast,Hybrid,1643.52,1633.66,MWh
SVR-001,2026-09-16,Pacific Northwest,Hydro,3893.76,3839.25,MWh
SVR-002,2026-09-16,Pacific Northwest,Hydro,2291.33,2298.2,MWh
SVR-003,2026-09-16,Desert Southwest,Solar,1267.2,1265.93,MWh
SVR-004,2026-09-16,Desert Southwest,Solar,1016.06,1010.98,MWh
SVR-005,2026-09-16,Great Plains,Wind,2188.8,2169.1,MWh
SVR-006,2026-09-16,Great Plains,Wind,1714.56,1692.27,MWh
SVR-007,2026-09-16,Atlantic Coast,Wind,3400.32,3413.92,MWh
SVR-008,2026-09-16,Desert Southwest,Geothermal,2825.28,2825.28,MWh
SVR-009,2026-09-16,Great Plains,Biomass/Biogas,1602.43,1596.02,MWh
SVR-011,2026-09-16,Desert Southwest,Hybrid,982.8,974.94,MWh
SVR-012,2026-09-16,Atlantic Coast,Hybrid,1582.08,1563.1,MWh
SVR-001,2026-09-17,Pacific Northwest,Hydro,3968.64,3932.92,MWh
SVR-002,2026-09-17,Pacific Northwest,Hydro,2066.69,2041.89,MWh
SVR-003,2026-09-17,Desert Southwest,Solar,1229.18,1210.74,MWh
SVR-004,2026-09-17,Desert Southwest,Solar,1057.54,1060.71,MWh
SVR-005,2026-09-17,Great Plains,Wind,2439.6,2439.6,MWh
SVR-006,2026-09-17,Great Plains,Wind,1696.32,1691.23,MWh
SVR-007,2026-09-17,Atlantic Coast,Wind,3622.08,3600.35,MWh
SVR-008,2026-09-17,Desert Southwest,Geothermal,2669.76,2645.73,MWh
SVR-009,2026-09-17,Great Plains,Biomass/Biogas,1617.41,1598.0,MWh
SVR-011,2026-09-17,Desert Southwest,Hybrid,879.84,866.64,MWh
SVR-012,2026-09-17,Atlantic Coast,Hybrid,1520.64,1525.2,MWh
SVR-001,2026-09-18,Pacific Northwest,Hydro,4043.52,4027.35,MWh
SVR-002,2026-09-18,Pacific Northwest,Hydro,2268.86,2255.25,MWh
SVR-003,2026-09-18,Desert Southwest,Solar,1191.17,1181.64,MWh
SVR-004,2026-09-18,Desert Southwest,Solar,1099.01,1088.02,MWh
SVR-005,2026-09-18,Great Plains,Wind,2257.2,2230.11,MWh
SVR-006,2026-09-18,Great Plains,Wind,1678.08,1654.59,MWh
SVR-007,2026-09-18,Atlantic Coast,Wind,3843.84,3863.06,MWh
SVR-008,2026-09-18,Desert Southwest,Geothermal,2514.24,2521.78,MWh
SVR-009,2026-09-18,Great Plains,Biomass/Biogas,1632.38,1634.01,MWh
SVR-011,2026-09-18,Desert Southwest,Hybrid,954.72,953.77,MWh
SVR-012,2026-09-18,Atlantic Coast,Hybrid,1459.2,1454.82,MWh
SVR-001,2026-09-19,Pacific Northwest,Hydro,3407.04,3410.45,MWh
SVR-002,2026-09-19,Pacific Northwest,Hydro,2044.22,2044.22,MWh
SVR-003,2026-09-19,Desert Southwest,Solar,1153.15,1152.0,MWh
SVR-004,2026-09-19,Desert Southwest,Solar,943.49,941.6,MWh
SVR-005,2026-09-19,Great Plains,Wind,2074.8,2068.58,MWh
SVR-006,2026-09-19,Great Plains,Wind,1659.84,1653.2,MWh
SVR-007,2026-09-19,Atlantic Coast,Wind,3363.36,3346.54,MWh
SVR-008,2026-09-19,Desert Southwest,Geothermal,2358.72,2344.57,MWh
SVR-009,2026-09-19,Great Plains,Biomass/Biogas,1362.82,1353.28,MWh
SVR-011,2026-09-19,Desert Southwest,Hybrid,851.76,844.95,MWh
SVR-012,2026-09-19,Atlantic Coast,Hybrid,1397.76,1385.18,MWh
SVR-001,2026-09-20,Pacific Northwest,Hydro,3481.92,3429.69,MWh
SVR-002,2026-09-20,Pacific Northwest,Hydro,2246.4,2212.7,MWh
SVR-003,2026-09-20,Desert Southwest,Solar,1355.9,1335.56,MWh
SVR-004,2026-09-20,Desert Southwest,Solar,984.96,970.19,MWh
SVR-005,2026-09-20,Great Plains,Wind,2325.6,2290.72,MWh
SVR-006,2026-09-20,Great Plains,Wind,1988.16,1958.34,MWh
SVR-007,2026-09-20,Atlantic Coast,Wind,3585.12,3531.34,MWh
SVR-008,2026-09-20,Desert Southwest,Geothermal,2695.68,2655.24,MWh
SVR-009,2026-09-20,Great Plains,Biomass/Biogas,1377.79,1357.12,MWh
SVR-011,2026-09-20,Desert Southwest,Hybrid,926.64,912.74,MWh
SVR-012,2026-09-20,Atlantic Coast,Hybrid,1628.16,1603.74,MWh
SVR-001,2026-09-21,Pacific Northwest,Hydro,3556.8,3521.23,MWh
SVR-002,2026-09-21,Pacific Northwest,Hydro,2448.58,2426.54,MWh
SVR-003,2026-09-21,Desert Southwest,Solar,1317.89,1307.35,MWh
SVR-004,2026-09-21,Desert Southwest,Solar,1026.43,1019.24,MWh
SVR-005,2026-09-21,Great Plains,Wind,2143.2,2130.34,MWh
SVR-006,2026-09-21,Great Plains,Wind,1969.92,1960.07,MWh
SVR-007,2026-09-21,Atlantic Coast,Wind,3806.88,3791.65,MWh
SVR-008,2026-09-21,Desert Southwest,Geothermal,2540.16,2532.54,MWh
SVR-009,2026-09-21,Great Plains,Biomass/Biogas,1392.77,1389.98,MWh
SVR-011,2026-09-21,Desert Southwest,Hybrid,1001.52,1000.52,MWh
SVR-012,2026-09-21,Atlantic Coast,Hybrid,1566.72,1566.72,MWh
SVR-001,2026-09-22,Pacific Northwest,Hydro,3631.68,3613.52,MWh
SVR-002,2026-09-22,Pacific Northwest,Hydro,2223.94,2217.27,MWh
SVR-003,2026-09-22,Desert Southwest,Solar,1279.87,1278.59,MWh
SVR-004,2026-09-22,Desert Southwest,Solar,1067.9,1068.97,MWh
SVR-005,2026-09-22,Great Plains,Wind,2394.0,2401.18,MWh
SVR-006,2026-09-22,Great Plains,Wind,1951.68,1961.44,MWh
SVR-007,2026-09-22,Atlantic Coast,Wind,4028.64,3972.24,MWh
SVR-008,2026-09-22,Desert Southwest,Geothermal,2384.64,2356.02,MWh
SVR-009,2026-09-22,Great Plains,Biomass/Biogas,1407.74,1393.66,MWh
SVR-011,2026-09-22,Desert Southwest,Hybrid,898.56,891.37,MWh
SVR-012,2026-09-22,Atlantic Coast,Hybrid,1505.28,1496.25,MWh
SVR-001,2026-09-23,Pacific Northwest,Hydro,3706.56,3706.56,MWh
SVR-002,2026-09-23,Pacific Northwest,Hydro,2426.11,2433.39,MWh
SVR-003,2026-09-23,Desert Southwest,Solar,1241.86,1223.23,MWh
SVR-004,2026-09-23,Desert Southwest,Solar,1109.38,1096.07,MWh
SVR-005,2026-09-23,Great Plains,Wind,2211.6,2191.7,MWh
SVR-006,2026-09-23,Great Plains,Wind,1933.44,1921.84,MWh
SVR-007,2026-09-23,Atlantic Coast,Wind,3548.16,3537.52,MWh
SVR-008,2026-09-23,Desert Southwest,Geothermal,2721.6,2721.6,MWh
SVR-009,2026-09-23,Great Plains,Biomass/Biogas,1422.72,1426.99,MWh
SVR-011,2026-09-23,Desert Southwest,Hybrid,973.44,958.84,MWh
SVR-012,2026-09-23,Atlantic Coast,Hybrid,1443.84,1426.51,MWh
SVR-001,2026-09-24,Pacific Northwest,Hydro,3781.44,3800.35,MWh
SVR-002,2026-09-24,Pacific Northwest,Hydro,2201.47,2175.05,MWh
SVR-003,2026-09-24,Desert Southwest,Solar,1203.84,1194.21,MWh
SVR-004,2026-09-24,Desert Southwest,Solar,953.86,950.04,MWh
SVR-005,2026-09-24,Great Plains,Wind,2462.4,2462.4,MWh
SVR-006,2026-09-24,Great Plains,Wind,1915.2,1922.86,MWh
SVR-007,2026-09-24,Atlantic Coast,Wind,3769.92,3720.91,MWh
SVR-008,2026-09-24,Desert Southwest,Geothermal,2566.08,2542.99,MWh
SVR-009,2026-09-24,Great Plains,Biomass/Biogas,1437.7,1430.51,MWh
SVR-011,2026-09-24,Desert Southwest,Hybrid,870.48,869.61,MWh
SVR-012,2026-09-24,Atlantic Coast,Hybrid,1674.24,1679.26,MWh
SVR-001,2026-09-25,Pacific Northwest,Hydro,3856.32,3813.9,MWh
SVR-002,2026-09-25,Pacific Northwest,Hydro,2403.65,2389.23,MWh
SVR-003,2026-09-25,Desert Southwest,Solar,1165.82,1164.65,MWh
SVR-004,2026-09-25,Desert Southwest,Solar,995.33,999.31,MWh
SVR-005,2026-09-25,Great Plains,Wind,2280.0,2252.64,MWh
SVR-006,2026-09-25,Great Plains,Wind,1896.96,1883.68,MWh
SVR-007,2026-09-25,Atlantic Coast,Wind,3991.68,3983.7,MWh
SVR-008,2026-09-25,Desert Southwest,Geothermal,2410.56,2417.79,MWh
SVR-009,2026-09-25,Great Plains,Biomass/Biogas,1452.67,1433.79,MWh
SVR-011,2026-09-25,Desert Southwest,Hybrid,945.36,937.8,MWh
SVR-012,2026-09-25,Atlantic Coast,Hybrid,1612.8,1607.96,MWh
SVR-001,2026-09-26,Pacific Northwest,Hydro,3931.2,3907.61,MWh
SVR-002,2026-09-26,Pacific Northwest,Hydro,2179.01,2179.01,MWh
SVR-003,2026-09-26,Desert Southwest,Solar,1368.58,1348.05,MWh
SVR-004,2026-09-26,Desert Southwest,Solar,1036.8,1027.47,MWh
SVR-005,2026-09-26,Great Plains,Wind,2097.6,2091.31,MWh
SVR-006,2026-09-26,Great Plains,Wind,1878.72,1884.36,MWh
SVR-007,2026-09-26,Atlantic Coast,Wind,3511.2,3469.07,MWh
SVR-008,2026-09-26,Desert Southwest,Geothermal,2747.52,2731.03,MWh
SVR-009,2026-09-26,Great Plains,Biomass/Biogas,1467.65,1467.65,MWh
SVR-011,2026-09-26,Desert Southwest,Hybrid,1020.24,1004.94,MWh
SVR-012,2026-09-26,Atlantic Coast,Hybrid,1551.36,1537.4,MWh
SVR-001,2026-09-27,Pacific Northwest,Hydro,4006.08,4002.07,MWh
SVR-002,2026-09-27,Pacific Northwest,Hydro,2381.18,2345.46,MWh
SVR-003,2026-09-27,Desert Southwest,Solar,1330.56,1319.92,MWh
SVR-004,2026-09-27,Desert Southwest,Solar,1078.27,1077.19,MWh
SVR-005,2026-09-27,Great Plains,Wind,2348.4,2313.17,MWh
SVR-006,2026-09-27,Great Plains,Wind,1860.48,1845.6,MWh
SVR-007,2026-09-27,Atlantic Coast,Wind,3732.96,3729.23,MWh
SVR-008,2026-09-27,Desert Southwest,Geothermal,2592.0,2553.12,MWh
SVR-009,2026-09-27,Great Plains,Biomass/Biogas,1482.62,1470.76,MWh
SVR-011,2026-09-27,Desert Southwest,Hybrid,917.28,916.36,MWh
SVR-012,2026-09-27,Atlantic Coast,Hybrid,1489.92,1467.57,MWh
SVR-001,2026-09-28,Pacific Northwest,Hydro,4080.96,4097.28,MWh
SVR-002,2026-09-28,Pacific Northwest,Hydro,2156.54,2137.13,MWh
SVR-003,2026-09-28,Desert Southwest,Solar,1292.54,1291.25,MWh
SVR-004,2026-09-28,Desert Southwest,Solar,1119.74,1104.06,MWh
SVR-005,2026-09-28,Great Plains,Wind,2166.0,2153.0,MWh
SVR-006,2026-09-28,Great Plains,Wind,1842.24,1845.92,MWh
SVR-007,2026-09-28,Atlantic Coast,Wind,3954.72,3911.22,MWh
SVR-008,2026-09-28,Desert Southwest,Geothermal,2436.48,2429.17,MWh
SVR-009,2026-09-28,Great Plains,Biomass/Biogas,1497.6,1505.09,MWh
SVR-011,2026-09-28,Desert Southwest,Hybrid,992.16,984.22,MWh
SVR-012,2026-09-28,Atlantic Coast,Hybrid,1428.48,1428.48,MWh
SVR-001,2026-09-29,Pacific Northwest,Hydro,3444.48,3403.15,MWh
SVR-002,2026-09-29,Pacific Northwest,Hydro,2358.72,2351.64,MWh
SVR-003,2026-09-29,Desert Southwest,Solar,1254.53,1235.71,MWh
SVR-004,2026-09-29,Desert Southwest,Solar,964.22,958.43,MWh
SVR-005,2026-09-29,Great Plains,Wind,2416.8,2424.05,MWh
SVR-006,2026-09-29,Great Plains,Wind,1824.0,1807.58,MWh
SVR-007,2026-09-29,Atlantic Coast,Wind,3474.24,3474.24,MWh
SVR-008,2026-09-29,Desert Southwest,Geothermal,2773.44,2740.16,MWh
SVR-009,2026-09-29,Great Plains,Biomass/Biogas,1512.58,1508.04,MWh
SVR-011,2026-09-29,Desert Southwest,Hybrid,889.2,875.86,MWh
SVR-012,2026-09-29,Atlantic Coast,Hybrid,1658.88,1648.93,MWh
SVR-001,2026-09-30,Pacific Northwest,Hydro,3519.36,3494.72,MWh
SVR-002,2026-09-30,Pacific Northwest,Hydro,2134.08,2140.48,MWh
SVR-003,2026-09-30,Desert Southwest,Solar,1216.51,1206.78,MWh
SVR-004,2026-09-30,Desert Southwest,Solar,1005.7,1007.71,MWh
SVR-005,2026-09-30,Great Plains,Wind,2234.4,2214.29,MWh
SVR-006,2026-09-30,Great Plains,Wind,1805.76,1807.57,MWh
SVR-007,2026-09-30,Atlantic Coast,Wind,3696.0,3659.04,MWh
SVR-008,2026-09-30,Desert Southwest,Geothermal,2617.92,2617.92,MWh
SVR-009,2026-09-30,Great Plains,Biomass/Biogas,1527.55,1510.75,MWh
SVR-011,2026-09-30,Desert Southwest,Hybrid,964.08,963.12,MWh
SVR-012,2026-09-30,Atlantic Coast,Hybrid,1597.44,1578.27,MWh
