PlantID,Date,RegionName,TechnologyFamily,ActualGenerationMWh,ForecastGenerationMWh,Unit,QualityFlag
SVR-001,2026-10-01,Pacific Northwest,Hydro,3481.92,3464.51,MWh,NewColumn
SVR-002,2026-10-01,Pacific Northwest,Hydro,2246.4,2239.66,MWh,NewColumn
SVR-003,2026-10-01,Desert Southwest,Solar,1355.9,1354.54,MWh,NewColumn
SVR-004,2026-10-01,Desert Southwest,Solar,984.96,985.94,MWh,NewColumn
SVR-005,2026-10-01,Great Plains,Wind,2325.6,2332.58,MWh,NewColumn
SVR-006,2026-10-01,Great Plains,Wind,1988.16,1998.1,MWh,NewColumn
SVR-007,2026-10-01,Atlantic Coast,Wind,3585.12,3534.93,MWh,NewColumn
SVR-008,2026-10-01,Desert Southwest,Geothermal,2695.68,2663.33,MWh,NewColumn
SVR-009,2026-10-01,Great Plains,Biomass/Biogas,1377.79,1364.01,MWh,NewColumn
SVR-011,2026-10-01,Desert Southwest,Hybrid,926.64,919.23,MWh,NewColumn
SVR-012,2026-10-01,Atlantic Coast,Hybrid,1628.16,1618.39,MWh,NewColumn
SVR-001,2026-10-02,Pacific Northwest,Hydro,3556.8,3556.8,MWh,NewColumn
SVR-002,2026-10-02,Pacific Northwest,Hydro,2448.58,2455.93,MWh,NewColumn
SVR-003,2026-10-02,Desert Southwest,Solar,1317.89,1298.12,MWh,NewColumn
SVR-004,2026-10-02,Desert Southwest,Solar,1026.43,1014.11,MWh,NewColumn
SVR-005,2026-10-02,Great Plains,Wind,2143.2,2123.91,MWh,NewColumn
SVR-006,2026-10-02,Great Plains,Wind,1969.92,1958.1,MWh,NewColumn
SVR-007,2026-10-02,Atlantic Coast,Wind,3806.88,3795.46,MWh,NewColumn
SVR-008,2026-10-02,Desert Southwest,Geothermal,2540.16,2540.16,MWh,NewColumn
SVR-009,2026-10-02,Great Plains,Biomass/Biogas,1392.77,1396.95,MWh,NewColumn
SVR-011,2026-10-02,Desert Southwest,Hybrid,1001.52,986.5,MWh,NewColumn
SVR-012,2026-10-02,Atlantic Coast,Hybrid,1566.72,1547.92,MWh,NewColumn
SVR-001,2026-10-03,Pacific Northwest,Hydro,3631.68,3649.84,MWh,NewColumn
SVR-002,2026-10-03,Pacific Northwest,Hydro,2223.94,2197.25,MWh,NewColumn
SVR-003,2026-10-03,Desert Southwest,Solar,1279.87,1269.63,MWh,NewColumn
SVR-004,2026-10-03,Desert Southwest,Solar,1067.9,1063.63,MWh,NewColumn
SVR-005,2026-10-03,Great Plains,Wind,2394.0,2394.0,MWh,NewColumn
SVR-006,2026-10-03,Great Plains,Wind,1951.68,1959.49,MWh,NewColumn
SVR-007,2026-10-03,Atlantic Coast,Wind,4028.64,3976.27,MWh,NewColumn
SVR-008,2026-10-03,Desert Southwest,Geothermal,2384.64,2363.18,MWh,NewColumn
SVR-009,2026-10-03,Great Plains,Biomass/Biogas,1407.74,1400.7,MWh,NewColumn
SVR-011,2026-10-03,Desert Southwest,Hybrid,898.56,897.66,MWh,NewColumn
SVR-012,2026-10-03,Atlantic Coast,Hybrid,1505.28,1509.8,MWh,NewColumn
