PlantID,Date,RegionName,TechnologyFamily,ActualMWh,ForecastGenerationMWh,Unit
SVR-001,2026-09-01,Pacific Northwest,Hydro,3481.92,3464.51,MWh
SVR-002,2026-09-01,Pacific Northwest,Hydro,2246.4,2239.66,MWh
SVR-003,2026-09-01,Desert Southwest,Solar,1355.9,1354.54,MWh
SVR-004,2026-09-01,Desert Southwest,Solar,984.96,985.94,MWh
SVR-005,2026-09-01,Great Plains,Wind,2325.6,2332.58,MWh
SVR-006,2026-09-01,Great Plains,Wind,1988.16,1998.1,MWh
SVR-007,2026-09-01,Atlantic Coast,Wind,3585.12,3534.93,MWh
SVR-008,2026-09-01,Desert Southwest,Geothermal,2695.68,2663.33,MWh
SVR-009,2026-09-01,Great Plains,Biomass/Biogas,1377.79,1364.01,MWh
SVR-011,2026-09-01,Desert Southwest,Hybrid,926.64,919.23,MWh
SVR-012,2026-09-01,Atlantic Coast,Hybrid,1628.16,1618.39,MWh
SVR-001,2026-09-02,Pacific Northwest,Hydro,3556.8,3556.8,MWh
SVR-002,2026-09-02,Pacific Northwest,Hydro,2448.58,2455.93,MWh
SVR-003,2026-09-02,Desert Southwest,Solar,1317.89,1298.12,MWh
SVR-004,2026-09-02,Desert Southwest,Solar,1026.43,1014.11,MWh
SVR-005,2026-09-02,Great Plains,Wind,2143.2,2123.91,MWh
SVR-006,2026-09-02,Great Plains,Wind,1969.92,1958.1,MWh
SVR-007,2026-09-02,Atlantic Coast,Wind,3806.88,3795.46,MWh
SVR-008,2026-09-02,Desert Southwest,Geothermal,2540.16,2540.16,MWh
SVR-009,2026-09-02,Great Plains,Biomass/Biogas,1392.77,1396.95,MWh
SVR-011,2026-09-02,Desert Southwest,Hybrid,1001.52,986.5,MWh
SVR-012,2026-09-02,Atlantic Coast,Hybrid,1566.72,1547.92,MWh
SVR-001,2026-09-03,Pacific Northwest,Hydro,3631.68,3649.84,MWh
SVR-002,2026-09-03,Pacific Northwest,Hydro,2223.94,2197.25,MWh
SVR-003,2026-09-03,Desert Southwest,Solar,1279.87,1269.63,MWh
SVR-004,2026-09-03,Desert Southwest,Solar,1067.9,1063.63,MWh
SVR-005,2026-09-03,Great Plains,Wind,2394.0,2394.0,MWh
SVR-006,2026-09-03,Great Plains,Wind,1951.68,1959.49,MWh
SVR-007,2026-09-03,Atlantic Coast,Wind,4028.64,3976.27,MWh
SVR-008,2026-09-03,Desert Southwest,Geothermal,2384.64,2363.18,MWh
SVR-009,2026-09-03,Great Plains,Biomass/Biogas,1407.74,1400.7,MWh
SVR-011,2026-09-03,Desert Southwest,Hybrid,898.56,897.66,MWh
SVR-012,2026-09-03,Atlantic Coast,Hybrid,1505.28,1509.8,MWh
SVR-001,2026-09-04,Pacific Northwest,Hydro,3706.56,3665.79,MWh
SVR-002,2026-09-04,Pacific Northwest,Hydro,2426.11,2411.55,MWh
SVR-003,2026-09-04,Desert Southwest,Solar,1241.86,1240.62,MWh
SVR-004,2026-09-04,Desert Southwest,Solar,1109.38,1113.82,MWh
SVR-005,2026-09-04,Great Plains,Wind,2211.6,2185.06,MWh
SVR-006,2026-09-04,Great Plains,Wind,1933.44,1919.91,MWh
SVR-007,2026-09-04,Atlantic Coast,Wind,3548.16,3541.06,MWh
SVR-008,2026-09-04,Desert Southwest,Geothermal,2721.6,2729.76,MWh
SVR-009,2026-09-04,Great Plains,Biomass/Biogas,1422.72,1404.22,MWh
SVR-011,2026-09-04,Desert Southwest,Hybrid,973.44,965.65,MWh
SVR-012,2026-09-04,Atlantic Coast,Hybrid,1443.84,1439.51,MWh
SVR-001,2026-09-05,Pacific Northwest,Hydro,3781.44,3758.75,MWh
SVR-002,2026-09-05,Pacific Northwest,Hydro,2201.47,2201.47,MWh
SVR-003,2026-09-05,Desert Southwest,Solar,1203.84,1185.78,MWh
SVR-004,2026-09-05,Desert Southwest,Solar,953.86,945.28,MWh
SVR-005,2026-09-05,Great Plains,Wind,2462.4,2455.01,MWh
SVR-006,2026-09-05,Great Plains,Wind,1915.2,1920.95,MWh
SVR-007,2026-09-05,Atlantic Coast,Wind,3769.92,3724.68,MWh
SVR-008,2026-09-05,Desert Southwest,Geothermal,2566.08,2550.68,MWh
SVR-009,2026-09-05,Great Plains,Biomass/Biogas,1437.7,1437.7,MWh
SVR-011,2026-09-05,Desert Southwest,Hybrid,870.48,857.42,MWh
SVR-012,2026-09-05,Atlantic Coast,Hybrid,1674.24,1659.17,MWh
SVR-001,2026-09-06,Pacific Northwest,Hydro,3856.32,3852.46,MWh
SVR-002,2026-09-06,Pacific Northwest,Hydro,2403.65,2367.6,MWh
SVR-003,2026-09-06,Desert Southwest,Solar,1165.82,1156.49,MWh
SVR-004,2026-09-06,Desert Southwest,Solar,995.33,994.33,MWh
SVR-005,2026-09-06,Great Plains,Wind,2280.0,2245.8,MWh
SVR-006,2026-09-06,Great Plains,Wind,1896.96,1881.78,MWh
SVR-007,2026-09-06,Atlantic Coast,Wind,3991.68,3987.69,MWh
SVR-008,2026-09-06,Desert Southwest,Geothermal,2410.56,2374.4,MWh
SVR-009,2026-09-06,Great Plains,Biomass/Biogas,1452.67,1441.05,MWh
SVR-011,2026-09-06,Desert Southwest,Hybrid,945.36,944.41,MWh
SVR-012,2026-09-06,Atlantic Coast,Hybrid,1612.8,1588.61,MWh
SVR-001,2026-09-07,Pacific Northwest,Hydro,3931.2,3946.92,MWh
SVR-002,2026-09-07,Pacific Northwest,Hydro,2179.01,2159.4,MWh
SVR-003,2026-09-07,Desert Southwest,Solar,1368.58,1367.21,MWh
SVR-004,2026-09-07,Desert Southwest,Solar,1036.8,1022.28,MWh
SVR-005,2026-09-07,Great Plains,Wind,2097.6,2085.01,MWh
SVR-006,2026-09-07,Great Plains,Wind,1878.72,1882.48,MWh
SVR-007,2026-09-07,Atlantic Coast,Wind,3511.2,3472.58,MWh
SVR-008,2026-09-07,Desert Southwest,Geothermal,2747.52,2739.28,MWh
SVR-009,2026-09-07,Great Plains,Biomass/Biogas,1467.65,1474.99,MWh
SVR-011,2026-09-07,Desert Southwest,Hybrid,1020.24,1012.08,MWh
SVR-012,2026-09-07,Atlantic Coast,Hybrid,1551.36,1551.36,MWh
