EquipmentKey,SupplierKey,AssociationType
101,3,Primary
102,3,Primary
103,3,Primary
201,3,Primary
202,3,Primary
203,3,Primary
301,2,Primary
302,2,Primary
303,2,Primary
401,2,Primary
402,2,Primary
403,2,Primary
501,1,Primary
502,1,Primary
503,1,Primary
601,1,Primary
602,1,Primary
603,1,Primary
701,7,Primary
702,7,Primary
703,7,Primary
801,4,Primary
802,4,Primary
803,4,Primary
901,5,Primary
902,5,Primary
903,5,Primary
1001,6,Primary
1002,6,Primary
1003,6,Primary
1101,6,Primary
1102,6,Primary
1103,6,Primary
1201,1,Primary
1202,1,Primary
1203,1,Primary
103,12,Secondary
203,10,Secondary
503,8,Secondary
703,10,Secondary
1003,9,Secondary
1103,12,Secondary
