EquipmentKey,EquipmentID,PlantKey,TechnologyKey,ParentEquipmentKey,EquipmentName,EquipmentType,HierarchyLevel,Level1Name,Level2Name,Level3Name
101,EQ-01-01,1,4,,Cascade Hydro One Hydro System,System,1,Cascade Hydro One Hydro System,,
102,EQ-01-02,1,4,101,Turbine-Generator,Primary Asset,2,Cascade Hydro One Hydro System,Turbine-Generator,
103,EQ-01-03,1,4,102,Governor Controls,Control Subsystem,3,Cascade Hydro One Hydro System,Turbine-Generator,Governor Controls
201,EQ-02-01,2,4,,Rainshadow Hydro Two Hydro System,System,1,Rainshadow Hydro Two Hydro System,,
202,EQ-02-02,2,4,201,Turbine-Generator,Primary Asset,2,Rainshadow Hydro Two Hydro System,Turbine-Generator,
203,EQ-02-03,2,4,201,Governor Controls,Peer Subsystem,2,Rainshadow Hydro Two Hydro System,Governor Controls,
301,EQ-03-01,3,1,,Solara Mesa Solar Solar System,System,1,Solara Mesa Solar Solar System,,
302,EQ-03-02,3,1,301,Inverter Block,Primary Asset,2,Solara Mesa Solar Solar System,Inverter Block,
303,EQ-03-03,3,1,302,Tracker Controls,Control Subsystem,3,Solara Mesa Solar Solar System,Inverter Block,Tracker Controls
401,EQ-04-01,4,1,,Red Rock Solar Solar System,System,1,Red Rock Solar Solar System,,
402,EQ-04-02,4,1,401,Inverter Block,Primary Asset,2,Red Rock Solar Solar System,Inverter Block,
403,EQ-04-03,4,1,401,Tracker Controls,Peer Subsystem,2,Red Rock Solar Solar System,Tracker Controls,
501,EQ-05-01,5,2,,Prairie Wind One Wind System,System,1,Prairie Wind One Wind System,,
502,EQ-05-02,5,2,501,Turbine Train,Primary Asset,2,Prairie Wind One Wind System,Turbine Train,
503,EQ-05-03,5,2,502,Pitch & Yaw Controls,Control Subsystem,3,Prairie Wind One Wind System,Turbine Train,Pitch & Yaw Controls
601,EQ-06-01,6,2,,Prairie Wind Two Wind System,System,1,Prairie Wind Two Wind System,,
602,EQ-06-02,6,2,601,Turbine Train,Primary Asset,2,Prairie Wind Two Wind System,Turbine Train,
603,EQ-06-03,6,2,601,Pitch & Yaw Controls,Peer Subsystem,2,Prairie Wind Two Wind System,Pitch & Yaw Controls,
701,EQ-07-01,7,3,,Atlantic Horizon Wind Wind System,System,1,Atlantic Horizon Wind Wind System,,
702,EQ-07-02,7,3,701,Turbine Train,Primary Asset,2,Atlantic Horizon Wind Wind System,Turbine Train,
703,EQ-07-03,7,3,702,Pitch & Yaw Controls,Control Subsystem,3,Atlantic Horizon Wind Wind System,Turbine Train,Pitch & Yaw Controls
801,EQ-08-01,8,6,,GeoSpring One Geothermal System,System,1,GeoSpring One Geothermal System,,
802,EQ-08-02,8,6,801,Steam Turbine,Primary Asset,2,GeoSpring One Geothermal System,Steam Turbine,
803,EQ-08-03,8,6,801,Brine Pump Controls,Peer Subsystem,2,GeoSpring One Geothermal System,Brine Pump Controls,
901,EQ-09-01,9,7,,BioCycle Plains Biomass/Biogas System,System,1,BioCycle Plains Biomass/Biogas System,,
902,EQ-09-02,9,7,901,Feed System,Primary Asset,2,BioCycle Plains Biomass/Biogas System,Feed System,
903,EQ-09-03,9,7,902,Generator Controls,Control Subsystem,3,BioCycle Plains Biomass/Biogas System,Feed System,Generator Controls
1001,EQ-10-01,10,5,,Battery Hub West BESS System,System,1,Battery Hub West BESS System,,
1002,EQ-10-02,10,5,1001,Battery Block,Primary Asset,2,Battery Hub West BESS System,Battery Block,
1003,EQ-10-03,10,5,1001,Power Conversion System,Peer Subsystem,2,Battery Hub West BESS System,Power Conversion System,
1101,EQ-11-01,11,8,,SunStore Hybrid Hybrid System,System,1,SunStore Hybrid Hybrid System,,
1102,EQ-11-02,11,8,1101,Generation-Storage Block,Primary Asset,2,SunStore Hybrid Hybrid System,Generation-Storage Block,
1103,EQ-11-03,11,8,1102,Hybrid Controls,Control Subsystem,3,SunStore Hybrid Hybrid System,Generation-Storage Block,Hybrid Controls
1201,EQ-12-01,12,9,,WindStore Hybrid Hybrid System,System,1,WindStore Hybrid Hybrid System,,
1202,EQ-12-02,12,9,1201,Generation-Storage Block,Primary Asset,2,WindStore Hybrid Hybrid System,Generation-Storage Block,
1203,EQ-12-03,12,9,1201,Hybrid Controls,Peer Subsystem,2,WindStore Hybrid Hybrid System,Hybrid Controls,
