ForecastKey,PlantKey,IssueDateKey,TargetDateKey,ForecastVersion,ForecastGenerationMWh
1,1,20260616,20260731,1,114613.34
2,1,20260716,20260731,2,116940.51
3,1,20260717,20260831,1,114613.34
4,1,20260816,20260831,2,116940.51
5,1,20260816,20260930,1,111044.76
6,1,20260915,20260930,2,113299.48
7,2,20260616,20260731,1,69410.03
8,2,20260716,20260731,2,70819.38
9,2,20260717,20260831,1,69410.03
10,2,20260816,20260831,2,70819.38
11,2,20260816,20260930,1,67113.70
12,2,20260915,20260930,2,68476.42
13,3,20260616,20260731,1,38775.73
14,3,20260716,20260731,2,39563.05
15,3,20260717,20260831,1,38775.73
16,3,20260816,20260831,2,39563.05
17,3,20260816,20260930,1,37604.47
18,3,20260915,20260930,2,38368.02
19,4,20260616,20260731,1,31765.03
20,4,20260716,20260731,2,32410.00
21,4,20260717,20260831,1,31765.03
22,4,20260816,20260831,2,32410.00
23,4,20260816,20260930,1,30734.72
24,4,20260915,20260930,2,31358.77
25,5,20260616,20260731,1,70134.04
26,5,20260716,20260731,2,71558.08
27,5,20260717,20260831,1,70134.04
28,5,20260816,20260831,2,71558.08
29,5,20260816,20260930,1,67661.64
30,5,20260915,20260930,2,69035.48
31,6,20260616,20260731,1,56781.13
32,6,20260716,20260731,2,57934.05
33,6,20260717,20260831,1,56781.13
34,6,20260816,20260831,2,57934.05
35,6,20260816,20260930,1,55020.60
36,6,20260915,20260930,2,56137.77
37,7,20260616,20260731,1,114015.77
38,7,20260716,20260731,2,116330.81
39,7,20260717,20260831,1,114015.77
40,7,20260816,20260831,2,116330.81
41,7,20260816,20260930,1,110114.28
42,7,20260915,20260930,2,112350.11
43,8,20260616,20260731,1,79296.48
44,8,20260716,20260731,2,80906.56
45,8,20260717,20260831,1,79296.48
46,8,20260816,20260831,2,80906.56
47,8,20260816,20260930,1,76868.81
48,8,20260915,20260930,2,78429.60
49,9,20260616,20260731,1,45527.51
50,9,20260716,20260731,2,46451.92
51,9,20260717,20260831,1,45527.51
52,9,20260816,20260831,2,46451.92
53,9,20260816,20260930,1,43989.85
54,9,20260915,20260930,2,44883.05
55,11,20260616,20260731,1,28662.39
56,11,20260716,20260731,2,29244.36
57,11,20260717,20260831,1,28662.39
58,11,20260816,20260831,2,29244.36
59,11,20260816,20260930,1,27812.56
60,11,20260915,20260930,2,28377.28
61,12,20260616,20260731,1,47349.88
62,12,20260716,20260731,2,48311.29
63,12,20260717,20260831,1,47349.88
64,12,20260816,20260831,2,48311.29
65,12,20260816,20260930,1,45817.20
66,12,20260915,20260930,2,46747.49
