TaskKey,WorkOrderID,TaskSequence,PlantKey,TaskDateKey,TaskType,TaskDurationHours,TaskCostUSD
1,WO-260701,1,1,20260702,Inspect/Diagnose,2.00,625.00
2,WO-260701,2,1,20260702,Repair/Verify,2.00,625.00
3,WO-260702,1,2,20260705,Inspect/Diagnose,0.75,225.00
4,WO-260702,2,2,20260705,Repair/Verify,0.75,225.00
5,WO-260703,1,3,20260706,Inspect/Diagnose,3.25,1437.75
6,WO-260703,2,3,20260706,Repair/Verify,3.25,1437.75
7,WO-260704,1,4,20260711,Inspect/Diagnose,1.00,300.00
8,WO-260704,2,4,20260711,Repair/Verify,1.00,300.00
9,WO-260705,1,5,20260718,Inspect/Diagnose,2.00,490.00
10,WO-260705,2,5,20260718,Repair/Verify,2.00,490.00
11,WO-260706,1,6,20260722,Inspect/Diagnose,1.25,362.62
12,WO-260706,2,6,20260722,Repair/Verify,1.25,362.62
13,WO-260707,1,7,20260723,Inspect/Diagnose,3.00,6250.00
14,WO-260707,2,7,20260723,Repair/Verify,3.00,6250.00
15,WO-260708,1,8,20260728,Inspect/Diagnose,4.00,1625.00
16,WO-260708,2,8,20260728,Repair/Verify,4.00,1625.00
17,WO-260709,1,9,20260803,Inspect/Diagnose,2.50,900.00
18,WO-260709,2,9,20260803,Repair/Verify,2.50,900.00
19,WO-260710,1,10,20260807,Inspect/Diagnose,1.00,262.50
20,WO-260710,2,10,20260807,Repair/Verify,1.00,262.50
21,WO-260711,1,11,20260810,Inspect/Diagnose,1.50,487.50
22,WO-260711,2,11,20260810,Repair/Verify,1.50,487.50
23,WO-260712,1,12,20260814,Inspect/Diagnose,2.50,710.00
24,WO-260712,2,12,20260814,Repair/Verify,2.50,710.00
25,WO-260713,1,1,20260818,Inspect/Diagnose,0.75,155.00
26,WO-260713,2,1,20260818,Repair/Verify,0.75,155.00
27,WO-260714,1,3,20260821,Inspect/Diagnose,2.75,1130.38
28,WO-260714,2,3,20260821,Repair/Verify,2.75,1130.38
29,WO-260715,1,5,20260825,Inspect/Diagnose,2.00,575.00
30,WO-260715,2,5,20260825,Repair/Verify,2.00,575.00
31,WO-260716,1,7,20260829,Inspect/Diagnose,2.00,2300.00
32,WO-260716,2,7,20260829,Repair/Verify,2.00,2300.00
33,WO-260717,1,8,20260903,Inspect/Diagnose,2.00,670.00
34,WO-260717,2,8,20260903,Repair/Verify,2.00,670.00
35,WO-260719,1,11,20260909,Inspect/Diagnose,2.25,862.50
36,WO-260719,2,11,20260909,Repair/Verify,2.25,862.50
37,WO-260720,1,12,20260912,Inspect/Diagnose,1.50,430.00
38,WO-260720,2,12,20260912,Repair/Verify,1.50,430.00
39,WO-260721,1,2,20260915,Inspect/Diagnose,2.50,1225.00
40,WO-260721,2,2,20260915,Repair/Verify,2.50,1225.00
41,WO-260722,1,4,20260919,Inspect/Diagnose,1.00,
42,WO-260722,2,4,20260919,Repair/Verify,1.00,
43,WO-260723,1,6,20260924,Inspect/Diagnose,1.50,495.00
44,WO-260723,2,6,20260924,Repair/Verify,1.50,495.00
45,WO-260724,1,10,20260928,Inspect/Diagnose,,3750.00
46,WO-260724,2,10,20260928,Repair/Verify,,3750.00
