WorkOrderKey,MaintenanceEventID,WorkOrderID,PlantKey,RaisedDateKey,StartDateKey,ClosedDateKey,MaintenanceType,Status,MaintenanceFlagsKey,DurationHours,CostUSD
1,MNT-001,WO-260701,1,20260630,20260702,20260702,Preventive,Completed,3,4.00,1250.00
2,MNT-002,WO-260702,2,20260702,20260705,20260705,Inspection,Completed,3,1.50,450.00
3,MNT-003,WO-260703,3,20260705,20260706,20260706,Corrective,Completed,6,6.50,2875.50
4,MNT-004,WO-260704,4,20260709,20260711,20260711,Calibration,Completed,3,2.00,600.00
5,MNT-005,WO-260705,5,20260715,20260718,,Preventive,Scheduled,3,4.00,980.00
6,MNT-006,WO-260706,6,20260721,20260722,20260722,Inspection,Completed,3,2.50,725.25
7,MNT-007,WO-260707,7,20260721,20260723,20260723,Emergency,Completed,6,6.00,12500.00
8,MNT-008,WO-260708,8,20260725,20260728,20260728,Preventive,Completed,3,8.00,3250.00
9,MNT-009,WO-260709,9,20260802,20260803,20260803,Corrective,Completed,2,5.00,1800.00
10,MNT-010,WO-260710,10,20260805,20260807,20260807,Inspection,Completed,3,2.00,525.00
11,MNT-011,WO-260711,11,20260807,20260810,20260810,Calibration,Completed,3,3.00,975.00
12,MNT-012,WO-260712,12,20260813,20260814,20260814,Preventive,Completed,3,5.00,1420.00
13,MNT-013,WO-260713,1,20260816,20260818,20260818,Inspection,Completed,3,1.50,310.00
14,MNT-014,WO-260714,3,20260818,20260821,20260821,Corrective,Completed,6,5.50,2260.75
15,MNT-015,WO-260715,5,20260824,20260825,20260825,Preventive,Completed,3,4.00,1150.00
16,MNT-016,WO-260716,7,20260827,20260829,20260829,Inspection,Completed,7,4.00,4600.00
17,MNT-017,WO-260717,8,20260831,20260903,20260903,Calibration,Completed,3,4.00,1340.00
18,MNT-019,WO-260719,11,20260908,20260909,20260909,Preventive,Completed,3,4.50,1725.00
19,MNT-020,WO-260720,12,20260910,20260912,20260912,Inspection,Completed,3,3.00,860.00
20,MNT-021,WO-260721,2,20260912,20260915,20260915,Corrective,Completed,6,5.00,2450.00
21,MNT-022,WO-260722,4,20260918,20260919,20260919,Inspection,Completed,3,2.00,
22,MNT-023,WO-260723,6,20260922,20260924,,Preventive,Scheduled,3,3.00,990.00
23,MNT-024,WO-260724,10,20260925,20260928,,Emergency,In Progress,6,,7500.00
