PlantKey,PlantID,PlantName,SiteName,RegionKey,TechnologyKey,GenerationCapacityMW,StoragePowerMW,StorageEnergyMWh,CommissioningDate,CommissioningDateKey,OperatingStatus
1,SVR-001,Cascade Hydro One,Cascade Hydro Site,1,4,300.00,0.00,0.00,2024-01-15,20240115,Active
2,SVR-002,Rainshadow Hydro Two,Rainshadow Hydro Site,1,4,180.00,0.00,0.00,2024-03-01,20240301,Active
3,SVR-003,Solara Mesa Solar,Solara Mesa Solar,2,1,220.00,0.00,0.00,2024-05-20,20240520,Active
4,SVR-004,Red Rock Solar,Red Rock Solar,2,1,180.00,0.00,0.00,2024-07-10,20240710,Active
5,SVR-005,Prairie Wind One,Prairie Wind Site,3,2,250.00,0.00,0.00,2024-09-15,20240915,Active
6,SVR-006,Prairie Wind Two,Prairie Wind Site,3,2,200.00,0.00,0.00,2024-11-01,20241101,Active
7,SVR-007,Atlantic Horizon Wind,Atlantic Horizon Wind,4,3,350.00,0.00,0.00,2025-01-20,20250120,Active
8,SVR-008,GeoSpring One,GeoSpring Site,2,6,120.00,0.00,0.00,2025-02-15,20250215,Active
9,SVR-009,BioCycle Plains,BioCycle Plains,3,7,80.00,0.00,0.00,2025-03-10,20250310,Active
10,SVR-010,Battery Hub West,Battery Hub West,2,5,0.00,100.00,400.00,2025-04-05,20250405,Active
11,SVR-011,SunStore Hybrid,SunStore Hybrid,2,8,150.00,50.00,200.00,2025-05-12,20250512,Active
12,SVR-012,WindStore Hybrid,WindStore Hybrid,4,9,160.00,40.00,160.00,2025-06-18,20250618,Active
