TechnologyKey,TechnologyCode,TechnologyName,TechnologyFamily,AssetBehavior,BaseCapacityFactor
1,T01,Solar PV,Solar,Generation,0.2400
2,T02,Wind Onshore,Wind,Generation,0.3800
3,T03,Wind Offshore,Wind,Generation,0.4400
4,T04,Hydroelectric,Hydro,Generation,0.5200
5,T05,Battery Energy Storage System,BESS,Storage,
6,T06,Geothermal,Geothermal,Generation,0.9000
7,T07,Biomass/Biogas,Biomass/Biogas,Generation,0.7800
8,T08,Hybrid Solar + BESS,Hybrid,Generation + Storage,0.2600
9,T09,Hybrid Wind + BESS,Hybrid,Generation + Storage,0.4000
