TimeKey,Time,Hour,Minute,QuarterHourIndex,QuarterHourLabel,DayPart
1,00:00:00,0,0,1,00:00,Night
2,00:15:00,0,15,2,00:15,Night
3,00:30:00,0,30,3,00:30,Night
4,00:45:00,0,45,4,00:45,Night
5,01:00:00,1,0,5,01:00,Night
6,01:15:00,1,15,6,01:15,Night
7,01:30:00,1,30,7,01:30,Night
8,01:45:00,1,45,8,01:45,Night
9,02:00:00,2,0,9,02:00,Night
10,02:15:00,2,15,10,02:15,Night
11,02:30:00,2,30,11,02:30,Night
12,02:45:00,2,45,12,02:45,Night
13,03:00:00,3,0,13,03:00,Night
14,03:15:00,3,15,14,03:15,Night
15,03:30:00,3,30,15,03:30,Night
16,03:45:00,3,45,16,03:45,Night
17,04:00:00,4,0,17,04:00,Night
18,04:15:00,4,15,18,04:15,Night
19,04:30:00,4,30,19,04:30,Night
20,04:45:00,4,45,20,04:45,Night
21,05:00:00,5,0,21,05:00,Night
22,05:15:00,5,15,22,05:15,Night
23,05:30:00,5,30,23,05:30,Night
24,05:45:00,5,45,24,05:45,Night
25,06:00:00,6,0,25,06:00,Morning
26,06:15:00,6,15,26,06:15,Morning
27,06:30:00,6,30,27,06:30,Morning
28,06:45:00,6,45,28,06:45,Morning
29,07:00:00,7,0,29,07:00,Morning
30,07:15:00,7,15,30,07:15,Morning
31,07:30:00,7,30,31,07:30,Morning
32,07:45:00,7,45,32,07:45,Morning
33,08:00:00,8,0,33,08:00,Morning
34,08:15:00,8,15,34,08:15,Morning
35,08:30:00,8,30,35,08:30,Morning
36,08:45:00,8,45,36,08:45,Morning
37,09:00:00,9,0,37,09:00,Morning
38,09:15:00,9,15,38,09:15,Morning
39,09:30:00,9,30,39,09:30,Morning
40,09:45:00,9,45,40,09:45,Morning
41,10:00:00,10,0,41,10:00,Morning
42,10:15:00,10,15,42,10:15,Morning
43,10:30:00,10,30,43,10:30,Morning
44,10:45:00,10,45,44,10:45,Morning
45,11:00:00,11,0,45,11:00,Morning
46,11:15:00,11,15,46,11:15,Morning
47,11:30:00,11,30,47,11:30,Morning
48,11:45:00,11,45,48,11:45,Morning
49,12:00:00,12,0,49,12:00,Afternoon
50,12:15:00,12,15,50,12:15,Afternoon
51,12:30:00,12,30,51,12:30,Afternoon
52,12:45:00,12,45,52,12:45,Afternoon
53,13:00:00,13,0,53,13:00,Afternoon
54,13:15:00,13,15,54,13:15,Afternoon
55,13:30:00,13,30,55,13:30,Afternoon
56,13:45:00,13,45,56,13:45,Afternoon
57,14:00:00,14,0,57,14:00,Afternoon
58,14:15:00,14,15,58,14:15,Afternoon
59,14:30:00,14,30,59,14:30,Afternoon
60,14:45:00,14,45,60,14:45,Afternoon
61,15:00:00,15,0,61,15:00,Afternoon
62,15:15:00,15,15,62,15:15,Afternoon
63,15:30:00,15,30,63,15:30,Afternoon
64,15:45:00,15,45,64,15:45,Afternoon
65,16:00:00,16,0,65,16:00,Afternoon
66,16:15:00,16,15,66,16:15,Afternoon
67,16:30:00,16,30,67,16:30,Afternoon
68,16:45:00,16,45,68,16:45,Afternoon
69,17:00:00,17,0,69,17:00,Afternoon
70,17:15:00,17,15,70,17:15,Afternoon
71,17:30:00,17,30,71,17:30,Afternoon
72,17:45:00,17,45,72,17:45,Afternoon
73,18:00:00,18,0,73,18:00,Evening
74,18:15:00,18,15,74,18:15,Evening
75,18:30:00,18,30,75,18:30,Evening
76,18:45:00,18,45,76,18:45,Evening
77,19:00:00,19,0,77,19:00,Evening
78,19:15:00,19,15,78,19:15,Evening
79,19:30:00,19,30,79,19:30,Evening
80,19:45:00,19,45,80,19:45,Evening
81,20:00:00,20,0,81,20:00,Evening
82,20:15:00,20,15,82,20:15,Evening
83,20:30:00,20,30,83,20:30,Evening
84,20:45:00,20,45,84,20:45,Evening
85,21:00:00,21,0,85,21:00,Evening
86,21:15:00,21,15,86,21:15,Evening
87,21:30:00,21,30,87,21:30,Evening
88,21:45:00,21,45,88,21:45,Evening
89,22:00:00,22,0,89,22:00,Evening
90,22:15:00,22,15,90,22:15,Evening
91,22:30:00,22,30,91,22:30,Evening
92,22:45:00,22,45,92,22:45,Evening
93,23:00:00,23,0,93,23:00,Evening
94,23:15:00,23,15,94,23:15,Evening
95,23:30:00,23,30,95,23:30,Evening
96,23:45:00,23,45,96,23:45,Evening
